
     Program BANDS v.7.5 starts on 24Jul2026 at 17: 2: 2 

     This program is part of the open-source Quantum ESPRESSO suite
     for quantum simulation of materials; please cite
         "P. Giannozzi et al., J. Phys.:Condens. Matter 21 395502 (2009);
         "P. Giannozzi et al., J. Phys.:Condens. Matter 29 465901 (2017);
         "P. Giannozzi et al., J. Chem. Phys. 152 154105 (2020);
          URL http://www.quantum-espresso.org", 
     in publications or presentations arising from this work. More details at
     http://www.quantum-espresso.org/quote

     Parallel version (MPI), running on     1 processors

     MPI processes distributed on     1 nodes
     9920 MiB available memory on the printing compute node when the environment starts


     Reading xml data from directory:

     ./basic.save/
     file Si.pbe-n-kjpaw_psl.1.0.0.UPF: wavefunction(s)  3S 3P renormalized

     IMPORTANT: XC functional enforced from input :
     Exchange-correlation= PBE
                           (   1   4   3   4   0   0   0)
     Any further DFT definition will be discarded
     Please, verify this is what you really want


     G-vector sticks info
     --------------------
     sticks:   dense  smooth     PW     G-vecs:    dense   smooth      PW
     Sum         733     733    211                12939    12939    2109

     Using Slab Decomposition

     Reading collected, re-writing distributed wavefunctions
     high-symmetry point:  0.0000 0.0000 0.0000   x coordinate   0.0000
     high-symmetry point:  0.0000 0.7071 0.0000   x coordinate   0.7071
     high-symmetry point:  0.3536 0.7071 0.0000   x coordinate   1.0607
     high-symmetry point:  0.5303 0.5303 0.0000   x coordinate   1.3107
     high-symmetry point:  0.0000 0.0000 0.0000   x coordinate   2.0607
     high-symmetry point:  0.3536 0.3536 0.3536   x coordinate   2.6730
     high-symmetry point:  0.1768 0.7071 0.1768   x coordinate   3.1060
     high-symmetry point:  0.3536 0.7071 0.0000   x coordinate   3.3560
     high-symmetry point:  0.3536 0.3536 0.3536   x coordinate   3.8560
     high-symmetry point:  0.5303 0.5303 0.0000   x coordinate   4.2891
     high-symmetry point:  0.1768 0.7071 0.1768   x coordinate   4.7221
     high-symmetry point:  0.0000 0.7071 0.0000   x coordinate   4.9721

     Plottable bands (eV) written to file siliconbands.dat.gnu
     Bands written to file siliconbands.dat

 **************************************************************************

                    xk=(   0.00000,   0.00000,   0.00000  )

     point group O_h (m-3m) 
     there are 10 classes
     the character table:

       E     8C3   3C2   6C4   6C2'  i     8S6   3s_h  6S4   6s_d 
A_1g   1.00  1.00  1.00  1.00  1.00  1.00  1.00  1.00  1.00  1.00
A_2g   1.00  1.00  1.00 -1.00 -1.00  1.00  1.00  1.00 -1.00 -1.00
E_g    2.00 -1.00  2.00  0.00  0.00  2.00 -1.00  2.00  0.00  0.00
T_1g   3.00  0.00 -1.00  1.00 -1.00  3.00  0.00 -1.00  1.00 -1.00
T_2g   3.00  0.00 -1.00 -1.00  1.00  3.00  0.00 -1.00 -1.00  1.00
A_1u   1.00  1.00  1.00  1.00  1.00 -1.00 -1.00 -1.00 -1.00 -1.00
A_2u   1.00  1.00  1.00 -1.00 -1.00 -1.00 -1.00 -1.00  1.00  1.00
E_u    2.00 -1.00  2.00  0.00  0.00 -2.00  1.00 -2.00  0.00  0.00
T_1u   3.00  0.00 -1.00  1.00 -1.00 -3.00  0.00  1.00 -1.00  1.00
T_2u   3.00  0.00 -1.00 -1.00  1.00 -3.00  0.00  1.00  1.00 -1.00

     the symmetry operations in each class and the name of the first element:

     E        1
                                                                 
     8C3     17   19   20   18   24   21   22   23
                                                                 
     3C2      2    4    3
                                                                 
     6C4      7    8   15   16   12   11
                                                                 
     6C2'     5    6   14   13   10    9
                                                                 
     i       25
                                                                 
     8S6     41   43   44   42   48   45   46   47
                                                                 
     3s_h    26   28   27
                                                                 
     6S4     31   32   39   40   36   35
                                                                 
     6s_d    29   30   38   37   34   33
                                                                 

     Band symmetry, O_h (m-3m)  point group:

     e(  1 -  1) =     -5.76283  eV     1   --> A_1g G_1   G_1+
     e(  2 -  4) =      6.19934  eV     3   --> T_2g G_25' G_5+
     e(  5 -  7) =      8.76436  eV     3   --> T_1u G_15  G_4-
     e(  8 -  8) =      9.55834  eV     1   --> A_2u G_2'  G_2-

 **************************************************************************

 **************************************************************************

                    xk=(   0.00000,   0.02357,   0.00000  )

     point group C_4v (4mm) 
     there are  5 classes
     the character table:

       E     2C4   C2    2s_v  2s_d 
A_1    1.00  1.00  1.00  1.00  1.00
A_2    1.00  1.00  1.00 -1.00 -1.00
B_1    1.00 -1.00  1.00  1.00 -1.00
B_2    1.00 -1.00  1.00 -1.00  1.00
E      2.00  0.00 -2.00  0.00  0.00

     the symmetry operations in each class and the name of the first element:

     E        1
                                                                 
     2C4      3    4
                                                                 
     C2       2
                                                                 
     2s_v     5    6
                                                                 
     2s_d     7    8
                                                                 

     Band symmetry, C_4v (4mm)  point group:

     e(  1 -  1) =     -5.75797  eV     1   --> A_1  G_1 D_1   
     e(  2 -  2) =      6.16578  eV     1   --> B_2  G_4 D_2'  
     e(  3 -  4) =      6.17819  eV     2   --> E    G_5 D_5   
     e(  5 -  5) =      8.75225  eV     1   --> A_1  G_1 D_1   
     e(  6 -  7) =      8.79150  eV     2   --> E    G_5 D_5   
     e(  8 -  8) =      9.59124  eV     1   --> B_2  G_4 D_2'  

 **************************************************************************

 **************************************************************************

                    xk=(   0.00000,   0.04714,   0.00000  )

     Band symmetry, C_4v (4mm)  point group:

     e(  1 -  1) =     -5.74338  eV     1   --> A_1  G_1 D_1   
     e(  2 -  2) =      6.06904  eV     1   --> B_2  G_4 D_2'  
     e(  3 -  4) =      6.11739  eV     2   --> E    G_5 D_5   
     e(  5 -  5) =      8.71656  eV     1   --> A_1  G_1 D_1   
     e(  6 -  7) =      8.87027  eV     2   --> E    G_5 D_5   
     e(  8 -  8) =      9.68540  eV     1   --> B_2  G_4 D_2'  

 **************************************************************************

 **************************************************************************

                    xk=(   0.00000,   0.07071,   0.00000  )

     Band symmetry, C_4v (4mm)  point group:

     e(  1 -  1) =     -5.71907  eV     1   --> A_1  G_1 D_1   
     e(  2 -  2) =      5.91895  eV     1   --> B_2  G_4 D_2'  
     e(  3 -  4) =      6.02361  eV     2   --> E    G_5 D_5   
     e(  5 -  5) =      8.65915  eV     1   --> A_1  G_1 D_1   
     e(  6 -  7) =      8.99396  eV     2   --> E    G_5 D_5   
     e(  8 -  8) =      9.82899  eV     1   --> B_2  G_4 D_2'  

 **************************************************************************

 **************************************************************************

                    xk=(   0.00000,   0.09428,   0.00000  )

     Band symmetry, C_4v (4mm)  point group:

     e(  1 -  1) =     -5.68507  eV     1   --> A_1  G_1 D_1   
     e(  2 -  2) =      5.72728  eV     1   --> B_2  G_4 D_2'  
     e(  3 -  4) =      5.90505  eV     2   --> E    G_5 D_5   
     e(  5 -  5) =      8.58278  eV     1   --> A_1  G_1 D_1   
     e(  6 -  7) =      9.15431  eV     2   --> E    G_5 D_5   
     e(  8 -  8) =     10.00626  eV     1   --> B_2  G_4 D_2'  

 **************************************************************************

 **************************************************************************

                    xk=(   0.00000,   0.11785,   0.00000  )

     Band symmetry, C_4v (4mm)  point group:

     e(  1 -  1) =     -5.64138  eV     1   --> A_1  G_1 D_1   
     e(  2 -  2) =      5.50478  eV     1   --> B_2  G_4 D_2'  
     e(  3 -  4) =      5.76935  eV     2   --> E    G_5 D_5   
     e(  5 -  5) =      8.49068  eV     1   --> A_1  G_1 D_1   
     e(  6 -  7) =      9.34356  eV     2   --> E    G_5 D_5   
     e(  8 -  8) =     10.19921  eV     1   --> B_2  G_4 D_2'  

 **************************************************************************

 **************************************************************************

                    xk=(   0.00000,   0.14142,   0.00000  )

     Band symmetry, C_4v (4mm)  point group:

     e(  1 -  1) =     -5.58804  eV     1   --> A_1  G_1 D_1   
     e(  2 -  2) =      5.25999  eV     1   --> B_2  G_4 D_2'  
     e(  3 -  4) =      5.62279  eV     2   --> E    G_5 D_5   
     e(  5 -  5) =      8.38628  eV     1   --> A_1  G_1 D_1   
     e(  6 -  7) =      9.55534  eV     2   --> E    G_5 D_5   
     e(  8 -  8) =     10.38656  eV     1   --> B_2  G_4 D_2'  

 **************************************************************************

 **************************************************************************

                    xk=(   0.00000,   0.16499,   0.00000  )

     Band symmetry, C_4v (4mm)  point group:

     e(  1 -  1) =     -5.52508  eV     1   --> A_1  G_1 D_1   
     e(  2 -  2) =      4.99917  eV     1   --> B_2  G_4 D_2'  
     e(  3 -  4) =      5.47013  eV     2   --> E    G_5 D_5   
     e(  5 -  5) =      8.27288  eV     1   --> A_1  G_1 D_1   
     e(  6 -  7) =      9.78476  eV     2   --> E    G_5 D_5   
     e(  8 -  8) =     10.54046  eV     1   --> B_2  G_4 D_2'  

 **************************************************************************

 **************************************************************************

                    xk=(   0.00000,   0.18856,   0.00000  )

     Band symmetry, C_4v (4mm)  point group:

     e(  1 -  1) =     -5.45253  eV     1   --> A_1  G_1 D_1   
     e(  2 -  2) =      4.72684  eV     1   --> B_2  G_4 D_2'  
     e(  3 -  4) =      5.31490  eV     2   --> E    G_5 D_5   
     e(  5 -  5) =      8.15351  eV     1   --> A_1  G_1 D_1   
     e(  6 -  7) =     10.02816  eV     2   --> E    G_5 D_5   
     e(  8 -  8) =     10.62581  eV     1   --> B_2  G_4 D_2'  

 **************************************************************************

 **************************************************************************

                    xk=(   0.00000,   0.21213,   0.00000  )

     Band symmetry, C_4v (4mm)  point group:

     e(  1 -  1) =     -5.37046  eV     1   --> A_1  G_1 D_1   
     e(  2 -  2) =      4.44619  eV     1   --> B_2  G_4 D_2'  
     e(  3 -  4) =      5.15970  eV     2   --> E    G_5 D_5   
     e(  5 -  5) =      8.03083  eV     1   --> A_1  G_1 D_1   
     e(  6 -  7) =     10.28278  eV     2   --> E    G_5 D_5   
     e(  8 -  8) =     10.61315  eV     1   --> B_2  G_4 D_2'  

 **************************************************************************

 **************************************************************************

                    xk=(   0.00000,   0.23570,   0.00000  )

     Band symmetry, C_4v (4mm)  point group:

     e(  1 -  1) =     -5.27890  eV     1   --> A_1  G_1 D_1   
     e(  2 -  2) =      4.15949  eV     1   --> B_2  G_4 D_2'  
     e(  3 -  4) =      5.00645  eV     2   --> E    G_5 D_5   
     e(  5 -  5) =      7.90717  eV     1   --> A_1  G_1 D_1   
     e(  6 -  6) =     10.50170  eV     1   --> B_2  G_4 D_2'  
     e(  7 -  8) =     10.54657  eV     2   --> E    G_5 D_5   

 **************************************************************************

 **************************************************************************

                    xk=(   0.00000,   0.25927,   0.00000  )

     Band symmetry, C_4v (4mm)  point group:

     e(  1 -  1) =     -5.17791  eV     1   --> A_1  G_1 D_1   
     e(  2 -  2) =      3.86837  eV     1   --> B_2  G_4 D_2'  
     e(  3 -  4) =      4.85658  eV     2   --> E    G_5 D_5   
     e(  5 -  5) =      7.78448  eV     1   --> A_1  G_1 D_1   
     e(  6 -  6) =     10.31793  eV     1   --> B_2  G_4 D_2'  
     e(  7 -  8) =     10.81793  eV     2   --> E    G_5 D_5   

 **************************************************************************

 **************************************************************************

                    xk=(   0.00000,   0.28284,   0.00000  )

     Band symmetry, C_4v (4mm)  point group:

     e(  1 -  1) =     -5.06758  eV     1   --> A_1  G_1 D_1   
     e(  2 -  2) =      3.57406  eV     1   --> B_2  G_4 D_2'  
     e(  3 -  4) =      4.71120  eV     2   --> E    G_5 D_5   
     e(  5 -  5) =      7.66444  eV     1   --> A_1  G_1 D_1   
     e(  6 -  6) =     10.09198  eV     1   --> B_2  G_4 D_2'  
     e(  7 -  8) =     11.09566  eV     2   --> E    G_5 D_5   

 **************************************************************************

 **************************************************************************

                    xk=(   0.00000,   0.30641,   0.00000  )

     Band symmetry, C_4v (4mm)  point group:

     e(  1 -  1) =     -4.94797  eV     1   --> A_1  G_1 D_1   
     e(  2 -  2) =      3.27745  eV     1   --> B_2  G_4 D_2'  
     e(  3 -  4) =      4.57114  eV     2   --> E    G_5 D_5   
     e(  5 -  5) =      7.54844  eV     1   --> A_1  G_1 D_1   
     e(  6 -  6) =      9.84527  eV     1   --> B_2  G_4 D_2'  
     e(  7 -  8) =     11.37878  eV     2   --> E    G_5 D_5   

 **************************************************************************

 **************************************************************************

                    xk=(   0.00000,   0.32998,   0.00000  )

     Band symmetry, C_4v (4mm)  point group:

     e(  1 -  1) =     -4.81916  eV     1   --> A_1  G_1 D_1   
     e(  2 -  2) =      2.97926  eV     1   --> B_2  G_4 D_2'  
     e(  3 -  4) =      4.43707  eV     2   --> E    G_5 D_5   
     e(  5 -  5) =      7.43767  eV     1   --> A_1  G_1 D_1   
     e(  6 -  6) =      9.59099  eV     1   --> B_2  G_4 D_2'  
     e(  7 -  8) =     11.66655  eV     2   --> E    G_5 D_5   

 **************************************************************************

 **************************************************************************

                    xk=(   0.00000,   0.35355,   0.00000  )

     Band symmetry, C_4v (4mm)  point group:

     e(  1 -  1) =     -4.68126  eV     1   --> A_1  G_1 D_1   
     e(  2 -  2) =      2.68008  eV     1   --> B_2  G_4 D_2'  
     e(  3 -  4) =      4.30952  eV     2   --> E    G_5 D_5   
     e(  5 -  5) =      7.33315  eV     1   --> A_1  G_1 D_1   
     e(  6 -  6) =      9.33709  eV     1   --> B_2  G_4 D_2'  
     e(  7 -  8) =     11.95836  eV     2   --> E    G_5 D_5   

 **************************************************************************

 **************************************************************************

                    xk=(   0.00000,   0.37712,   0.00000  )

     Band symmetry, C_4v (4mm)  point group:

     e(  1 -  1) =     -4.53436  eV     1   --> A_1  G_1 D_1   
     e(  2 -  2) =      2.38042  eV     1   --> B_2  G_4 D_2'  
     e(  3 -  4) =      4.18890  eV     2   --> E    G_5 D_5   
     e(  5 -  5) =      7.23572  eV     1   --> A_1  G_1 D_1   
     e(  6 -  6) =      9.08850  eV     1   --> B_2  G_4 D_2'  
     e(  7 -  8) =     12.25374  eV     2   --> E    G_5 D_5   

 **************************************************************************

 **************************************************************************

                    xk=(   0.00000,   0.40069,   0.00000  )

     Band symmetry, C_4v (4mm)  point group:

     e(  1 -  1) =     -4.37858  eV     1   --> A_1  G_1 D_1   
     e(  2 -  2) =      2.08075  eV     1   --> B_2  G_4 D_2'  
     e(  3 -  4) =      4.07556  eV     2   --> E    G_5 D_5   
     e(  5 -  5) =      7.14612  eV     1   --> A_1  G_1 D_1   
     e(  6 -  6) =      8.84836  eV     1   --> B_2  G_4 D_2'  
     e(  7 -  8) =     12.55233  eV     2   --> E    G_5 D_5   

 **************************************************************************

 **************************************************************************

                    xk=(   0.00000,   0.42426,   0.00000  )

     Band symmetry, C_4v (4mm)  point group:

     e(  1 -  1) =     -4.21403  eV     1   --> A_1  G_1 D_1   
     e(  2 -  2) =      1.78151  eV     1   --> B_2  G_4 D_2'  
     e(  3 -  4) =      3.96978  eV     2   --> E    G_5 D_5   
     e(  5 -  5) =      7.06501  eV     1   --> A_1  G_1 D_1   
     e(  6 -  6) =      8.61877  eV     1   --> B_2  G_4 D_2'  
     e(  7 -  8) =     12.85383  eV     2   --> E    G_5 D_5   

 **************************************************************************

 **************************************************************************

                    xk=(   0.00000,   0.44783,   0.00000  )

     Band symmetry, C_4v (4mm)  point group:

     e(  1 -  1) =     -4.04087  eV     1   --> A_1  G_1 D_1   
     e(  2 -  2) =      1.48311  eV     1   --> B_2  G_4 D_2'  
     e(  3 -  4) =      3.87180  eV     2   --> E    G_5 D_5   
     e(  5 -  5) =      6.99293  eV     1   --> A_1  G_1 D_1   
     e(  6 -  6) =      8.40110  eV     1   --> B_2  G_4 D_2'  
     e(  7 -  8) =     13.15802  eV     2   --> E    G_5 D_5   

 **************************************************************************

 **************************************************************************

                    xk=(   0.00000,   0.47140,   0.00000  )

     Band symmetry, C_4v (4mm)  point group:

     e(  1 -  1) =     -3.85923  eV     1   --> A_1  G_1 D_1   
     e(  2 -  2) =      1.18601  eV     1   --> B_2  G_4 D_2'  
     e(  3 -  4) =      3.78182  eV     2   --> E    G_5 D_5   
     e(  5 -  5) =      6.93041  eV     1   --> A_1  G_1 D_1   
     e(  6 -  6) =      8.19631  eV     1   --> B_2  G_4 D_2'  
     e(  7 -  8) =     13.46470  eV     2   --> E    G_5 D_5   

 **************************************************************************

 **************************************************************************

                    xk=(   0.00000,   0.49497,   0.00000  )

     Band symmetry, C_4v (4mm)  point group:

     e(  1 -  1) =     -3.66928  eV     1   --> A_1  G_1 D_1   
     e(  2 -  2) =      0.89062  eV     1   --> B_2  G_4 D_2'  
     e(  3 -  4) =      3.70000  eV     2   --> E    G_5 D_5   
     e(  5 -  5) =      6.87787  eV     1   --> A_1  G_1 D_1   
     e(  6 -  6) =      8.00501  eV     1   --> B_2  G_4 D_2'  
     e(  7 -  8) =     13.77370  eV     2   --> E    G_5 D_5   

 **************************************************************************

 **************************************************************************

                    xk=(   0.00000,   0.51854,   0.00000  )

     Band symmetry, C_4v (4mm)  point group:

     e(  1 -  1) =     -3.47118  eV     1   --> A_1  G_1 D_1   
     e(  2 -  2) =      0.59738  eV     1   --> B_2  G_4 D_2'  
     e(  3 -  4) =      3.62647  eV     2   --> E    G_5 D_5   
     e(  5 -  5) =      6.83574  eV     1   --> A_1  G_1 D_1   
     e(  6 -  6) =      7.82759  eV     1   --> B_2  G_4 D_2'  
     e(  7 -  8) =     14.08482  eV     2   --> E    G_5 D_5   

 **************************************************************************

 **************************************************************************

                    xk=(   0.00000,   0.54212,   0.00000  )

     Band symmetry, C_4v (4mm)  point group:

     e(  1 -  1) =     -3.26514  eV     1   --> A_1  G_1 D_1   
     e(  2 -  2) =      0.30673  eV     1   --> B_2  G_4 D_2'  
     e(  3 -  4) =      3.56136  eV     2   --> E    G_5 D_5   
     e(  5 -  5) =      6.80438  eV     1   --> A_1  G_1 D_1   
     e(  6 -  6) =      7.66426  eV     1   --> B_2  G_4 D_2'  
     e(  7 -  8) =     14.39773  eV     2   --> E    G_5 D_5   

 **************************************************************************

 **************************************************************************

                    xk=(   0.00000,   0.56569,   0.00000  )

     Band symmetry, C_4v (4mm)  point group:

     e(  1 -  1) =     -3.05136  eV     1   --> A_1  G_1 D_1   
     e(  2 -  2) =      0.01910  eV     1   --> B_2  G_4 D_2'  
     e(  3 -  4) =      3.50475  eV     2   --> E    G_5 D_5   
     e(  5 -  5) =      6.78415  eV     1   --> A_1  G_1 D_1   
     e(  6 -  6) =      7.51511  eV     1   --> B_2  G_4 D_2'  
     e(  7 -  8) =     14.71195  eV     2   --> E    G_5 D_5   

 **************************************************************************

 **************************************************************************

                    xk=(   0.00000,   0.58926,   0.00000  )

     Band symmetry, C_4v (4mm)  point group:

     e(  1 -  1) =     -2.83005  eV     1   --> A_1  G_1 D_1   
     e(  2 -  2) =     -0.26508  eV     1   --> B_2  G_4 D_2'  
     e(  3 -  4) =      3.45673  eV     2   --> E    G_5 D_5   
     e(  5 -  5) =      6.77537  eV     1   --> A_1  G_1 D_1   
     e(  6 -  6) =      7.38014  eV     1   --> B_2  G_4 D_2'  
     e(  7 -  8) =     15.02659  eV     2   --> E    G_5 D_5   

 **************************************************************************

 **************************************************************************

                    xk=(   0.00000,   0.61283,   0.00000  )

     Band symmetry, C_4v (4mm)  point group:

     e(  1 -  1) =     -2.60146  eV     1   --> A_1  G_1 D_1   
     e(  2 -  2) =     -0.54537  eV     1   --> B_2  G_4 D_2'  
     e(  3 -  4) =      3.41736  eV     2   --> E    G_5 D_5   
     e(  5 -  5) =      6.77837  eV     1   --> A_1  G_1 D_1   
     e(  6 -  6) =      7.25929  eV     1   --> B_2  G_4 D_2'  
     e(  7 -  8) =     15.33991  eV     2   --> E    G_5 D_5   

 **************************************************************************

 **************************************************************************

                    xk=(   0.00000,   0.63640,   0.00000  )

     Band symmetry, C_4v (4mm)  point group:

     e(  1 -  1) =     -2.36584  eV     1   --> A_1  G_1 D_1   
     e(  2 -  2) =     -0.82138  eV     1   --> B_2  G_4 D_2'  
     e(  3 -  4) =      3.38669  eV     2   --> E    G_5 D_5   
     e(  5 -  5) =      6.79342  eV     1   --> A_1  G_1 D_1   
     e(  6 -  6) =      7.15241  eV     1   --> B_2  G_4 D_2'  
     e(  7 -  8) =     15.64807  eV     2   --> E    G_5 D_5   

 **************************************************************************

 **************************************************************************

                    xk=(   0.00000,   0.65997,   0.00000  )

     Band symmetry, C_4v (4mm)  point group:

     e(  1 -  1) =     -2.12347  eV     1   --> A_1  G_1 D_1   
     e(  2 -  2) =     -1.09269  eV     1   --> B_2  G_4 D_2'  
     e(  3 -  4) =      3.36475  eV     2   --> E    G_5 D_5   
     e(  5 -  5) =      6.82083  eV     1   --> A_1  G_1 D_1   
     e(  6 -  6) =      7.05934  eV     1   --> B_2  G_4 D_2'  
     e(  7 -  8) =     15.94144  eV     2   --> E    G_5 D_5   

 **************************************************************************

 **************************************************************************

                    xk=(   0.00000,   0.68354,   0.00000  )

     Band symmetry, C_4v (4mm)  point group:

     e(  1 -  1) =     -1.87465  eV     1   --> A_1  G_1 D_1   
     e(  2 -  2) =     -1.35891  eV     1   --> B_2  G_4 D_2'  
     e(  3 -  4) =      3.35158  eV     2   --> E    G_5 D_5   
     e(  5 -  5) =      6.86087  eV     1   --> A_1  G_1 D_1   
     e(  6 -  6) =      6.97988  eV     1   --> B_2  G_4 D_2'  
     e(  7 -  8) =     16.19052  eV     2   --> E    G_5 D_5   

 **************************************************************************

 **************************************************************************

                    xk=(   0.00000,   0.70711,   0.00000  )

     zone border point and non-symmorphic group 
     symmetry decomposition not available

 **************************************************************************

 **************************************************************************

                    xk=(   0.01179,   0.70711,   0.00000  )

     zone border point and non-symmorphic group 
     symmetry decomposition not available

 **************************************************************************

 **************************************************************************

                    xk=(   0.02357,   0.70711,   0.00000  )

     zone border point and non-symmorphic group 
     symmetry decomposition not available

 **************************************************************************

 **************************************************************************

                    xk=(   0.03536,   0.70711,   0.00000  )

     zone border point and non-symmorphic group 
     symmetry decomposition not available

 **************************************************************************

 **************************************************************************

                    xk=(   0.04714,   0.70711,   0.00000  )

     zone border point and non-symmorphic group 
     symmetry decomposition not available

 **************************************************************************

 **************************************************************************

                    xk=(   0.05893,   0.70711,   0.00000  )

     zone border point and non-symmorphic group 
     symmetry decomposition not available

 **************************************************************************

 **************************************************************************

                    xk=(   0.07071,   0.70711,  -0.00000  )

     zone border point and non-symmorphic group 
     symmetry decomposition not available

 **************************************************************************

 **************************************************************************

                    xk=(   0.08250,   0.70711,   0.00000  )

     zone border point and non-symmorphic group 
     symmetry decomposition not available

 **************************************************************************

 **************************************************************************

                    xk=(   0.09428,   0.70711,   0.00000  )

     zone border point and non-symmorphic group 
     symmetry decomposition not available

 **************************************************************************

 **************************************************************************

                    xk=(   0.10607,   0.70711,   0.00000  )

     zone border point and non-symmorphic group 
     symmetry decomposition not available

 **************************************************************************

 **************************************************************************

                    xk=(   0.11785,   0.70711,   0.00000  )

     zone border point and non-symmorphic group 
     symmetry decomposition not available

 **************************************************************************

 **************************************************************************

                    xk=(   0.12964,   0.70711,   0.00000  )

     zone border point and non-symmorphic group 
     symmetry decomposition not available

 **************************************************************************

 **************************************************************************

                    xk=(   0.14142,   0.70711,   0.00000  )

     zone border point and non-symmorphic group 
     symmetry decomposition not available

 **************************************************************************

 **************************************************************************

                    xk=(   0.15321,   0.70711,  -0.00000  )

     zone border point and non-symmorphic group 
     symmetry decomposition not available

 **************************************************************************

 **************************************************************************

                    xk=(   0.16499,   0.70711,   0.00000  )

     zone border point and non-symmorphic group 
     symmetry decomposition not available

 **************************************************************************

 **************************************************************************

                    xk=(   0.17678,   0.70711,   0.00000  )

     zone border point and non-symmorphic group 
     symmetry decomposition not available

 **************************************************************************

 **************************************************************************

                    xk=(   0.18856,   0.70711,   0.00000  )

     zone border point and non-symmorphic group 
     symmetry decomposition not available

 **************************************************************************

 **************************************************************************

                    xk=(   0.20035,   0.70711,   0.00000  )

     zone border point and non-symmorphic group 
     symmetry decomposition not available

 **************************************************************************

 **************************************************************************

                    xk=(   0.21213,   0.70711,   0.00000  )

     zone border point and non-symmorphic group 
     symmetry decomposition not available

 **************************************************************************

 **************************************************************************

                    xk=(   0.22392,   0.70711,   0.00000  )

     zone border point and non-symmorphic group 
     symmetry decomposition not available

 **************************************************************************

 **************************************************************************

                    xk=(   0.23570,   0.70711,   0.00000  )

     zone border point and non-symmorphic group 
     symmetry decomposition not available

 **************************************************************************

 **************************************************************************

                    xk=(   0.24749,   0.70711,   0.00000  )

     zone border point and non-symmorphic group 
     symmetry decomposition not available

 **************************************************************************

 **************************************************************************

                    xk=(   0.25927,   0.70711,  -0.00000  )

     zone border point and non-symmorphic group 
     symmetry decomposition not available

 **************************************************************************

 **************************************************************************

                    xk=(   0.27106,   0.70711,   0.00000  )

     zone border point and non-symmorphic group 
     symmetry decomposition not available

 **************************************************************************

 **************************************************************************

                    xk=(   0.28284,   0.70711,   0.00000  )

     zone border point and non-symmorphic group 
     symmetry decomposition not available

 **************************************************************************

 **************************************************************************

                    xk=(   0.29463,   0.70711,  -0.00000  )

     zone border point and non-symmorphic group 
     symmetry decomposition not available

 **************************************************************************

 **************************************************************************

                    xk=(   0.30641,   0.70711,   0.00000  )

     zone border point and non-symmorphic group 
     symmetry decomposition not available

 **************************************************************************

 **************************************************************************

                    xk=(   0.31820,   0.70711,   0.00000  )

     zone border point and non-symmorphic group 
     symmetry decomposition not available

 **************************************************************************

 **************************************************************************

                    xk=(   0.32998,   0.70711,   0.00000  )

     zone border point and non-symmorphic group 
     symmetry decomposition not available

 **************************************************************************

 **************************************************************************

                    xk=(   0.34177,   0.70711,   0.00000  )

     zone border point and non-symmorphic group 
     symmetry decomposition not available

 **************************************************************************

 **************************************************************************

                    xk=(   0.35355,   0.70711,   0.00000  )

     zone border point and non-symmorphic group 
     symmetry decomposition not available

 **************************************************************************

 **************************************************************************

                    xk=(   0.35945,   0.70121,   0.00000  )

     point group C_s (m)    
     there are  2 classes
     the character table:

       E     s    
A'     1.00  1.00
A''    1.00 -1.00

     the symmetry operations in each class and the name of the first element:

     E        1
                                                                 
     s        2
                                                                 

     Band symmetry, C_s (m)     point group:

     e(  1 -  1) =     -1.49376  eV     1   --> A'             
     e(  2 -  2) =     -1.41882  eV     1   --> A''            
     e(  3 -  3) =      2.31960  eV     1   --> A'             
     e(  4 -  4) =      2.37861  eV     1   --> A''            
     e(  5 -  5) =     10.42134  eV     1   --> A''            
     e(  6 -  6) =     10.49957  eV     1   --> A'             
     e(  7 -  7) =     11.19764  eV     1   --> A''            
     e(  8 -  8) =     11.24063  eV     1   --> A'             

 **************************************************************************

 **************************************************************************

                    xk=(   0.36534,   0.69532,   0.00000  )

     Band symmetry, C_s (m)     point group:

     e(  1 -  1) =     -1.53019  eV     1   --> A'             
     e(  2 -  2) =     -1.38365  eV     1   --> A''            
     e(  3 -  3) =      2.29200  eV     1   --> A'             
     e(  4 -  4) =      2.41272  eV     1   --> A''            
     e(  5 -  5) =     10.32577  eV     1   --> A''            
     e(  6 -  6) =     10.51581  eV     1   --> A'             
     e(  7 -  7) =     11.23683  eV     1   --> A''            
     e(  8 -  8) =     11.28815  eV     1   --> A'             

 **************************************************************************

 **************************************************************************

                    xk=(   0.37123,   0.68943,   0.00000  )

     Band symmetry, C_s (m)     point group:

     e(  1 -  1) =     -1.56536  eV     1   --> A'             
     e(  2 -  2) =     -1.35058  eV     1   --> A''            
     e(  3 -  3) =      2.26524  eV     1   --> A'             
     e(  4 -  4) =      2.45027  eV     1   --> A''            
     e(  5 -  5) =     10.20448  eV     1   --> A''            
     e(  6 -  6) =     10.52486  eV     1   --> A'             
     e(  7 -  7) =     11.30487  eV     1   --> A''            
     e(  8 -  8) =     11.34474  eV     1   --> A'             

 **************************************************************************

 **************************************************************************

                    xk=(   0.37712,   0.68354,   0.00000  )

     Band symmetry, C_s (m)     point group:

     e(  1 -  1) =     -1.59928  eV     1   --> A'             
     e(  2 -  2) =     -1.31960  eV     1   --> A''            
     e(  3 -  3) =      2.23933  eV     1   --> A'             
     e(  4 -  4) =      2.49117  eV     1   --> A''            
     e(  5 -  5) =     10.06940  eV     1   --> A''            
     e(  6 -  6) =     10.52798  eV     1   --> A'             
     e(  7 -  7) =     11.38986  eV     1   --> A''            
     e(  8 -  8) =     11.40910  eV     1   --> A'             

 **************************************************************************

 **************************************************************************

                    xk=(   0.38302,   0.67764,   0.00000  )

     Band symmetry, C_s (m)     point group:

     e(  1 -  1) =     -1.63194  eV     1   --> A'             
     e(  2 -  2) =     -1.29067  eV     1   --> A''            
     e(  3 -  3) =      2.21428  eV     1   --> A'             
     e(  4 -  4) =      2.53530  eV     1   --> A''            
     e(  5 -  5) =      9.92738  eV     1   --> A''            
     e(  6 -  6) =     10.52647  eV     1   --> A'             
     e(  7 -  7) =     11.47992  eV     1   --> A'             
     e(  8 -  8) =     11.48507  eV     1   --> A''            

 **************************************************************************

 **************************************************************************

                    xk=(   0.38891,   0.67175,   0.00000  )

     Band symmetry, C_s (m)     point group:

     e(  1 -  1) =     -1.66333  eV     1   --> A'             
     e(  2 -  2) =     -1.26376  eV     1   --> A''            
     e(  3 -  3) =      2.19011  eV     1   --> A'             
     e(  4 -  4) =      2.58252  eV     1   --> A''            
     e(  5 -  5) =      9.78213  eV     1   --> A''            
     e(  6 -  6) =     10.52147  eV     1   --> A'             
     e(  7 -  7) =     11.55603  eV     1   --> A'             
     e(  8 -  8) =     11.58687  eV     1   --> A''            

 **************************************************************************

 **************************************************************************

                    xk=(   0.39480,   0.66586,   0.00000  )

     Band symmetry, C_s (m)     point group:

     e(  1 -  1) =     -1.69347  eV     1   --> A'             
     e(  2 -  2) =     -1.23881  eV     1   --> A''            
     e(  3 -  3) =      2.16684  eV     1   --> A'             
     e(  4 -  4) =      2.63266  eV     1   --> A''            
     e(  5 -  5) =      9.63578  eV     1   --> A''            
     e(  6 -  6) =     10.51392  eV     1   --> A'             
     e(  7 -  7) =     11.63645  eV     1   --> A'             
     e(  8 -  8) =     11.69326  eV     1   --> A''            

 **************************************************************************

 **************************************************************************

                    xk=(   0.40069,   0.65997,   0.00000  )

     Band symmetry, C_s (m)     point group:

     e(  1 -  1) =     -1.72233  eV     1   --> A'             
     e(  2 -  2) =     -1.21577  eV     1   --> A''            
     e(  3 -  3) =      2.14447  eV     1   --> A'             
     e(  4 -  4) =      2.68554  eV     1   --> A''            
     e(  5 -  5) =      9.48962  eV     1   --> A''            
     e(  6 -  6) =     10.50457  eV     1   --> A'             
     e(  7 -  7) =     11.72040  eV     1   --> A'             
     e(  8 -  8) =     11.80305  eV     1   --> A''            

 **************************************************************************

 **************************************************************************

                    xk=(   0.40659,   0.65407,   0.00000  )

     Band symmetry, C_s (m)     point group:

     e(  1 -  1) =     -1.74993  eV     1   --> A'             
     e(  2 -  2) =     -1.19456  eV     1   --> A''            
     e(  3 -  3) =      2.12302  eV     1   --> A'             
     e(  4 -  4) =      2.74093  eV     1   --> A''            
     e(  5 -  5) =      9.34453  eV     1   --> A''            
     e(  6 -  6) =     10.49399  eV     1   --> A'             
     e(  7 -  7) =     11.80726  eV     1   --> A'             
     e(  8 -  8) =     11.91552  eV     1   --> A''            

 **************************************************************************

 **************************************************************************

                    xk=(   0.41248,   0.64818,   0.00000  )

     Band symmetry, C_s (m)     point group:

     e(  1 -  1) =     -1.77625  eV     1   --> A'             
     e(  2 -  2) =     -1.17511  eV     1   --> A''            
     e(  3 -  3) =      2.10251  eV     1   --> A'             
     e(  4 -  4) =      2.79861  eV     1   --> A''            
     e(  5 -  5) =      9.20113  eV     1   --> A''            
     e(  6 -  6) =     10.48264  eV     1   --> A'             
     e(  7 -  7) =     11.89655  eV     1   --> A'             
     e(  8 -  8) =     12.03019  eV     1   --> A''            

 **************************************************************************

 **************************************************************************

                    xk=(   0.41837,   0.64229,   0.00000  )

     Band symmetry, C_s (m)     point group:

     e(  1 -  1) =     -1.80130  eV     1   --> A'             
     e(  2 -  2) =     -1.15733  eV     1   --> A''            
     e(  3 -  3) =      2.08293  eV     1   --> A'             
     e(  4 -  4) =      2.85829  eV     1   --> A''            
     e(  5 -  5) =      9.05992  eV     1   --> A''            
     e(  6 -  6) =     10.47085  eV     1   --> A'             
     e(  7 -  7) =     11.98787  eV     1   --> A'             
     e(  8 -  8) =     12.14674  eV     1   --> A''            

 **************************************************************************

 **************************************************************************

                    xk=(   0.42426,   0.63640,   0.00000  )

     Band symmetry, C_s (m)     point group:

     e(  1 -  1) =     -1.82508  eV     1   --> A'             
     e(  2 -  2) =     -1.14113  eV     1   --> A''            
     e(  3 -  3) =      2.06430  eV     1   --> A'             
     e(  4 -  4) =      2.91969  eV     1   --> A''            
     e(  5 -  5) =      8.92132  eV     1   --> A''            
     e(  6 -  6) =     10.45889  eV     1   --> A'             
     e(  7 -  7) =     12.08092  eV     1   --> A'             
     e(  8 -  8) =     12.26494  eV     1   --> A''            

 **************************************************************************

 **************************************************************************

                    xk=(   0.43016,   0.63050,   0.00000  )

     Band symmetry, C_s (m)     point group:

     e(  1 -  1) =     -1.84758  eV     1   --> A'             
     e(  2 -  2) =     -1.12643  eV     1   --> A''            
     e(  3 -  3) =      2.04663  eV     1   --> A'             
     e(  4 -  4) =      2.98248  eV     1   --> A''            
     e(  5 -  5) =      8.78572  eV     1   --> A''            
     e(  6 -  6) =     10.44696  eV     1   --> A'             
     e(  7 -  7) =     12.17544  eV     1   --> A'             
     e(  8 -  8) =     12.38460  eV     1   --> A''            

 **************************************************************************

 **************************************************************************

                    xk=(   0.43605,   0.62461,   0.00000  )

     Band symmetry, C_s (m)     point group:

     e(  1 -  1) =     -1.86881  eV     1   --> A'             
     e(  2 -  2) =     -1.11314  eV     1   --> A''            
     e(  3 -  3) =      2.02993  eV     1   --> A'             
     e(  4 -  4) =      3.04630  eV     1   --> A''            
     e(  5 -  5) =      8.65351  eV     1   --> A''            
     e(  6 -  6) =     10.43523  eV     1   --> A'             
     e(  7 -  7) =     12.27121  eV     1   --> A'             
     e(  8 -  8) =     12.50560  eV     1   --> A''            

 **************************************************************************

 **************************************************************************

                    xk=(   0.44194,   0.61872,   0.00000  )

     Band symmetry, C_s (m)     point group:

     e(  1 -  1) =     -1.88875  eV     1   --> A'             
     e(  2 -  2) =     -1.10116  eV     1   --> A''            
     e(  3 -  3) =      2.01420  eV     1   --> A'             
     e(  4 -  4) =      3.11076  eV     1   --> A''            
     e(  5 -  5) =      8.52507  eV     1   --> A''            
     e(  6 -  6) =     10.42383  eV     1   --> A'             
     e(  7 -  7) =     12.36804  eV     1   --> A'             
     e(  8 -  8) =     12.62783  eV     1   --> A''            

 **************************************************************************

 **************************************************************************

                    xk=(   0.44783,   0.61283,   0.00000  )

     Band symmetry, C_s (m)     point group:

     e(  1 -  1) =     -1.90742  eV     1   --> A'             
     e(  2 -  2) =     -1.09041  eV     1   --> A''            
     e(  3 -  3) =      1.99945  eV     1   --> A'             
     e(  4 -  4) =      3.17545  eV     1   --> A''            
     e(  5 -  5) =      8.40081  eV     1   --> A''            
     e(  6 -  6) =     10.41286  eV     1   --> A'             
     e(  7 -  7) =     12.46574  eV     1   --> A'             
     e(  8 -  8) =     12.75118  eV     1   --> A''            

 **************************************************************************

 **************************************************************************

                    xk=(   0.45373,   0.60693,   0.00000  )

     Band symmetry, C_s (m)     point group:

     e(  1 -  1) =     -1.92480  eV     1   --> A'             
     e(  2 -  2) =     -1.08080  eV     1   --> A''            
     e(  3 -  3) =      1.98570  eV     1   --> A'             
     e(  4 -  4) =      3.23988  eV     1   --> A''            
     e(  5 -  5) =      8.28116  eV     1   --> A''            
     e(  6 -  6) =     10.40241  eV     1   --> A'             
     e(  7 -  7) =     12.56416  eV     1   --> A'             
     e(  8 -  8) =     12.87557  eV     1   --> A''            

 **************************************************************************

 **************************************************************************

                    xk=(   0.45962,   0.60104,   0.00000  )

     Band symmetry, C_s (m)     point group:

     e(  1 -  1) =     -1.94090  eV     1   --> A'             
     e(  2 -  2) =     -1.07225  eV     1   --> A''            
     e(  3 -  3) =      1.97293  eV     1   --> A'             
     e(  4 -  4) =      3.30356  eV     1   --> A''            
     e(  5 -  5) =      8.16660  eV     1   --> A''            
     e(  6 -  6) =     10.39253  eV     1   --> A'             
     e(  7 -  7) =     12.66313  eV     1   --> A'             
     e(  8 -  8) =     13.00092  eV     1   --> A''            

 **************************************************************************

 **************************************************************************

                    xk=(   0.46551,   0.59515,   0.00000  )

     Band symmetry, C_s (m)     point group:

     e(  1 -  1) =     -1.95571  eV     1   --> A'             
     e(  2 -  2) =     -1.06469  eV     1   --> A''            
     e(  3 -  3) =      1.96117  eV     1   --> A'             
     e(  4 -  4) =      3.36592  eV     1   --> A''            
     e(  5 -  5) =      8.05762  eV     1   --> A''            
     e(  6 -  6) =     10.38329  eV     1   --> A'             
     e(  7 -  7) =     12.76246  eV     1   --> A'             
     e(  8 -  8) =     13.12715  eV     1   --> A''            

 **************************************************************************

 **************************************************************************

                    xk=(   0.47140,   0.58926,   0.00000  )

     Band symmetry, C_s (m)     point group:

     e(  1 -  1) =     -1.96924  eV     1   --> A'             
     e(  2 -  2) =     -1.05803  eV     1   --> A''            
     e(  3 -  3) =      1.95042  eV     1   --> A'             
     e(  4 -  4) =      3.42637  eV     1   --> A''            
     e(  5 -  5) =      7.95479  eV     1   --> A''            
     e(  6 -  6) =     10.37474  eV     1   --> A'             
     e(  7 -  7) =     12.86196  eV     1   --> A'             
     e(  8 -  8) =     13.25418  eV     1   --> A''            

 **************************************************************************

 **************************************************************************

                    xk=(   0.47730,   0.58336,   0.00000  )

     Band symmetry, C_s (m)     point group:

     e(  1 -  1) =     -1.98149  eV     1   --> A'             
     e(  2 -  2) =     -1.05222  eV     1   --> A''            
     e(  3 -  3) =      1.94068  eV     1   --> A'             
     e(  4 -  4) =      3.48426  eV     1   --> A''            
     e(  5 -  5) =      7.85871  eV     1   --> A''            
     e(  6 -  6) =     10.36691  eV     1   --> A'             
     e(  7 -  7) =     12.96139  eV     1   --> A'             
     e(  8 -  8) =     13.38191  eV     1   --> A''            

 **************************************************************************

 **************************************************************************

                    xk=(   0.48319,   0.57747,   0.00000  )

     Band symmetry, C_s (m)     point group:

     e(  1 -  1) =     -1.99244  eV     1   --> A'             
     e(  2 -  2) =     -1.04718  eV     1   --> A''            
     e(  3 -  3) =      1.93195  eV     1   --> A'             
     e(  4 -  4) =      3.53891  eV     1   --> A''            
     e(  5 -  5) =      7.77003  eV     1   --> A''            
     e(  6 -  6) =     10.35984  eV     1   --> A'             
     e(  7 -  7) =     13.06046  eV     1   --> A'             
     e(  8 -  8) =     13.51022  eV     1   --> A''            

 **************************************************************************

 **************************************************************************

                    xk=(   0.48908,   0.57158,   0.00000  )

     Band symmetry, C_s (m)     point group:

     e(  1 -  1) =     -2.00211  eV     1   --> A'             
     e(  2 -  2) =     -1.04287  eV     1   --> A''            
     e(  3 -  3) =      1.92424  eV     1   --> A'             
     e(  4 -  4) =      3.58959  eV     1   --> A''            
     e(  5 -  5) =      7.68941  eV     1   --> A''            
     e(  6 -  6) =     10.35354  eV     1   --> A'             
     e(  7 -  7) =     13.15875  eV     1   --> A'             
     e(  8 -  8) =     13.63898  eV     1   --> A''            

 **************************************************************************

 **************************************************************************

                    xk=(   0.49497,   0.56569,   0.00000  )

     Band symmetry, C_s (m)     point group:

     e(  1 -  1) =     -2.01050  eV     1   --> A'             
     e(  2 -  2) =     -1.03924  eV     1   --> A''            
     e(  3 -  3) =      1.91755  eV     1   --> A'             
     e(  4 -  4) =      3.63555  eV     1   --> A''            
     e(  5 -  5) =      7.61759  eV     1   --> A''            
     e(  6 -  6) =     10.34804  eV     1   --> A'             
     e(  7 -  7) =     13.25567  eV     1   --> A'             
     e(  8 -  8) =     13.76799  eV     1   --> A''            

 **************************************************************************

 **************************************************************************

                    xk=(   0.50087,   0.55979,   0.00000  )

     Band symmetry, C_s (m)     point group:

     e(  1 -  1) =     -2.01759  eV     1   --> A'             
     e(  2 -  2) =     -1.03624  eV     1   --> A''            
     e(  3 -  3) =      1.91188  eV     1   --> A'             
     e(  4 -  4) =      3.67606  eV     1   --> A''            
     e(  5 -  5) =      7.55525  eV     1   --> A''            
     e(  6 -  6) =     10.34337  eV     1   --> A'             
     e(  7 -  7) =     13.35029  eV     1   --> A'             
     e(  8 -  8) =     13.89692  eV     1   --> A''            

 **************************************************************************

 **************************************************************************

                    xk=(   0.50676,   0.55390,   0.00000  )

     Band symmetry, C_s (m)     point group:

     e(  1 -  1) =     -2.02339  eV     1   --> A'             
     e(  2 -  2) =     -1.03383  eV     1   --> A''            
     e(  3 -  3) =      1.90725  eV     1   --> A'             
     e(  4 -  4) =      3.71039  eV     1   --> A''            
     e(  5 -  5) =      7.50311  eV     1   --> A''            
     e(  6 -  6) =     10.33952  eV     1   --> A'             
     e(  7 -  7) =     13.44108  eV     1   --> A'             
     e(  8 -  8) =     14.02523  eV     1   --> A''            

 **************************************************************************

 **************************************************************************

                    xk=(   0.51265,   0.54801,   0.00000  )

     Band symmetry, C_s (m)     point group:

     e(  1 -  1) =     -2.02791  eV     1   --> A'             
     e(  2 -  2) =     -1.03199  eV     1   --> A''            
     e(  3 -  3) =      1.90364  eV     1   --> A'             
     e(  4 -  4) =      3.73788  eV     1   --> A''            
     e(  5 -  5) =      7.46178  eV     1   --> A''            
     e(  6 -  6) =     10.33652  eV     1   --> A'             
     e(  7 -  7) =     13.52531  eV     1   --> A'             
     e(  8 -  8) =     14.15179  eV     1   --> A''            

 **************************************************************************

 **************************************************************************

                    xk=(   0.51854,   0.54212,   0.00000  )

     Band symmetry, C_s (m)     point group:

     e(  1 -  1) =     -2.03113  eV     1   --> A'             
     e(  2 -  2) =     -1.03069  eV     1   --> A''            
     e(  3 -  3) =      1.90106  eV     1   --> A'             
     e(  4 -  4) =      3.75796  eV     1   --> A''            
     e(  5 -  5) =      7.43183  eV     1   --> A''            
     e(  6 -  6) =     10.33437  eV     1   --> A'             
     e(  7 -  7) =     13.59795  eV     1   --> A'             
     e(  8 -  8) =     14.27368  eV     1   --> A''            

 **************************************************************************

 **************************************************************************

                    xk=(   0.52444,   0.53622,   0.00000  )

     Band symmetry, C_s (m)     point group:

     e(  1 -  1) =     -2.03307  eV     1   --> A'             
     e(  2 -  2) =     -1.02992  eV     1   --> A''            
     e(  3 -  3) =      1.89951  eV     1   --> A'             
     e(  4 -  4) =      3.77019  eV     1   --> A''            
     e(  5 -  5) =      7.41368  eV     1   --> A''            
     e(  6 -  6) =     10.33308  eV     1   --> A'             
     e(  7 -  7) =     13.65010  eV     1   --> A'             
     e(  8 -  8) =     14.23496  eV     1   --> A'             

 **************************************************************************

 **************************************************************************

                    xk=(   0.53033,   0.53033,   0.00000  )

     point group C_2v (mm2) 
     there are  4 classes
     the character table:

       E     C2    s_v   s_v' 
A_1    1.00  1.00  1.00  1.00
A_2    1.00  1.00 -1.00 -1.00
B_1    1.00 -1.00  1.00 -1.00
B_2    1.00 -1.00 -1.00  1.00

     the symmetry operations in each class and the name of the first element:

     E        1
                                                                 
     C2       2
                                                                 
     s_v      3
                                                                 
     s_v'     4
                                                                 

     Band symmetry, C_2v (mm2)  point group:

     e(  1 -  1) =     -2.03371  eV     1   --> A_1  D_1  S_1  
     e(  2 -  2) =     -1.02967  eV     1   --> B_2  D_4  S_4  
     e(  3 -  3) =      1.89899  eV     1   --> A_1  D_1  S_1  
     e(  4 -  4) =      3.77430  eV     1   --> A_2  D_2  S_2  
     e(  5 -  5) =      7.40760  eV     1   --> B_2  D_4  S_4  
     e(  6 -  6) =     10.33265  eV     1   --> A_1  D_1  S_1  
     e(  7 -  7) =     13.66969  eV     1   --> B_1  D_3  S_3  
     e(  8 -  8) =     14.21546  eV     1   --> A_1  D_1  S_1  

 **************************************************************************

 **************************************************************************

                    xk=(   0.51265,   0.51265,   0.00000  )

     Band symmetry, C_2v (mm2)  point group:

     e(  1 -  1) =     -2.15449  eV     1   --> A_1  D_1  S_1  
     e(  2 -  2) =     -0.90622  eV     1   --> B_2  D_4  S_4  
     e(  3 -  3) =      1.82792  eV     1   --> A_1  D_1  S_1  
     e(  4 -  4) =      3.86063  eV     1   --> A_2  D_2  S_2  
     e(  5 -  5) =      7.50762  eV     1   --> B_2  D_4  S_4  
     e(  6 -  6) =     10.84003  eV     1   --> A_1  D_1  S_1  
     e(  7 -  7) =     13.36363  eV     1   --> B_1  D_3  S_3  
     e(  8 -  8) =     13.90415  eV     1   --> A_1  D_1  S_1  

 **************************************************************************

 **************************************************************************

                    xk=(   0.49497,   0.49497,   0.00000  )

     Band symmetry, C_2v (mm2)  point group:

     e(  1 -  1) =     -2.29254  eV     1   --> A_1  D_1  S_1  
     e(  2 -  2) =     -0.77121  eV     1   --> B_2  D_4  S_4  
     e(  3 -  3) =      1.78969  eV     1   --> A_1  D_1  S_1  
     e(  4 -  4) =      3.95374  eV     1   --> A_2  D_2  S_2  
     e(  5 -  5) =      7.61548  eV     1   --> B_2  D_4  S_4  
     e(  6 -  6) =     11.35168  eV     1   --> A_1  D_1  S_1  
     e(  7 -  7) =     13.06462  eV     1   --> B_1  D_3  S_3  
     e(  8 -  8) =     13.61075  eV     1   --> A_1  D_1  S_1  

 **************************************************************************

 **************************************************************************

                    xk=(   0.47730,   0.47730,   0.00000  )

     Band symmetry, C_2v (mm2)  point group:

     e(  1 -  1) =     -2.44590  eV     1   --> A_1  D_1  S_1  
     e(  2 -  2) =     -0.62468  eV     1   --> B_2  D_4  S_4  
     e(  3 -  3) =      1.78340  eV     1   --> A_1  D_1  S_1  
     e(  4 -  4) =      4.05316  eV     1   --> A_2  D_2  S_2  
     e(  5 -  5) =      7.73059  eV     1   --> B_2  D_4  S_4  
     e(  6 -  6) =     11.85090  eV     1   --> A_1  D_1  S_1  
     e(  7 -  7) =     12.77342  eV     1   --> B_1  D_3  S_3  
     e(  8 -  8) =     13.35026  eV     1   --> A_1  D_1  S_1  

 **************************************************************************

 **************************************************************************

                    xk=(   0.45962,   0.45962,   0.00000  )

     Band symmetry, C_2v (mm2)  point group:

     e(  1 -  1) =     -2.61196  eV     1   --> A_1  D_1  S_1  
     e(  2 -  2) =     -0.46670  eV     1   --> B_2  D_4  S_4  
     e(  3 -  3) =      1.80723  eV     1   --> A_1  D_1  S_1  
     e(  4 -  4) =      4.15838  eV     1   --> A_2  D_2  S_2  
     e(  5 -  5) =      7.85220  eV     1   --> B_2  D_4  S_4  
     e(  6 -  6) =     12.27261  eV     1   --> A_1  D_1  S_1  
     e(  7 -  7) =     12.49062  eV     1   --> B_1  D_3  S_3  
     e(  8 -  8) =     13.18592  eV     1   --> A_1  D_1  S_1  

 **************************************************************************

 **************************************************************************

                    xk=(   0.44194,   0.44194,   0.00000  )

     Band symmetry, C_2v (mm2)  point group:

     e(  1 -  1) =     -2.78782  eV     1   --> A_1  D_1  S_1  
     e(  2 -  2) =     -0.29734  eV     1   --> B_2  D_4  S_4  
     e(  3 -  3) =      1.85880  eV     1   --> A_1  D_1  S_1  
     e(  4 -  4) =      4.26878  eV     1   --> A_2  D_2  S_2  
     e(  5 -  5) =      7.97943  eV     1   --> B_2  D_4  S_4  
     e(  6 -  6) =     12.21668  eV     1   --> B_1  D_3  S_3  
     e(  7 -  7) =     12.40364  eV     1   --> A_1  D_1  S_1  
     e(  8 -  8) =     13.26279  eV     1   --> B_2  D_4  S_4  

 **************************************************************************

 **************************************************************************

                    xk=(   0.42426,   0.42426,   0.00000  )

     Band symmetry, C_2v (mm2)  point group:

     e(  1 -  1) =     -2.97054  eV     1   --> A_1  D_1  S_1  
     e(  2 -  2) =     -0.11668  eV     1   --> B_2  D_4  S_4  
     e(  3 -  3) =      1.93558  eV     1   --> A_1  D_1  S_1  
     e(  4 -  4) =      4.38369  eV     1   --> A_2  D_2  S_2  
     e(  5 -  5) =      8.11117  eV     1   --> B_2  D_4  S_4  
     e(  6 -  6) =     11.95198  eV     1   --> B_1  D_3  S_3  
     e(  7 -  7) =     12.25357  eV     1   --> A_1  D_1  S_1  
     e(  8 -  8) =     13.05340  eV     1   --> B_2  D_4  S_4  

 **************************************************************************

 **************************************************************************

                    xk=(   0.40659,   0.40659,   0.00000  )

     Band symmetry, C_2v (mm2)  point group:

     e(  1 -  1) =     -3.15739  eV     1   --> A_1  D_1  S_1  
     e(  2 -  2) =      0.07520  eV     1   --> B_2  D_4  S_4  
     e(  3 -  3) =      2.03508  eV     1   --> A_1  D_1  S_1  
     e(  4 -  4) =      4.50233  eV     1   --> A_2  D_2  S_2  
     e(  5 -  5) =      8.24609  eV     1   --> B_2  D_4  S_4  
     e(  6 -  6) =     11.69683  eV     1   --> B_1  D_3  S_3  
     e(  7 -  7) =     12.03139  eV     1   --> A_1  D_1  S_1  
     e(  8 -  8) =     12.85567  eV     1   --> B_2  D_4  S_4  

 **************************************************************************

 **************************************************************************

                    xk=(   0.38891,   0.38891,   0.00000  )

     Band symmetry, C_2v (mm2)  point group:

     e(  1 -  1) =     -3.34591  eV     1   --> A_1  D_1  S_1  
     e(  2 -  2) =      0.27820  eV     1   --> B_2  D_4  S_4  
     e(  3 -  3) =      2.15497  eV     1   --> A_1  D_1  S_1  
     e(  4 -  4) =      4.62384  eV     1   --> A_2  D_2  S_2  
     e(  5 -  5) =      8.38254  eV     1   --> B_2  D_4  S_4  
     e(  6 -  6) =     11.45148  eV     1   --> B_1  D_3  S_3  
     e(  7 -  7) =     11.79676  eV     1   --> A_1  D_1  S_1  
     e(  8 -  8) =     12.67115  eV     1   --> B_2  D_4  S_4  

 **************************************************************************

 **************************************************************************

                    xk=(   0.37123,   0.37123,   0.00000  )

     Band symmetry, C_2v (mm2)  point group:

     e(  1 -  1) =     -3.53400  eV     1   --> A_1  D_1  S_1  
     e(  2 -  2) =      0.49220  eV     1   --> B_2  D_4  S_4  
     e(  3 -  3) =      2.29318  eV     1   --> A_1  D_1  S_1  
     e(  4 -  4) =      4.74727  eV     1   --> A_2  D_2  S_2  
     e(  5 -  5) =      8.51851  eV     1   --> B_2  D_4  S_4  
     e(  6 -  6) =     11.21614  eV     1   --> B_1  D_3  S_3  
     e(  7 -  7) =     11.56367  eV     1   --> A_1  D_1  S_1  
     e(  8 -  8) =     12.50158  eV     1   --> B_2  D_4  S_4  

 **************************************************************************

 **************************************************************************

                    xk=(   0.35355,   0.35355,   0.00000  )

     Band symmetry, C_2v (mm2)  point group:

     e(  1 -  1) =     -3.71986  eV     1   --> A_1  D_1  S_1  
     e(  2 -  2) =      0.71707  eV     1   --> B_2  D_4  S_4  
     e(  3 -  3) =      2.44783  eV     1   --> A_1  D_1  S_1  
     e(  4 -  4) =      4.87156  eV     1   --> A_2  D_2  S_2  
     e(  5 -  5) =      8.65161  eV     1   --> B_2  D_4  S_4  
     e(  6 -  6) =     10.99100  eV     1   --> B_1  D_3  S_3  
     e(  7 -  7) =     11.33667  eV     1   --> A_1  D_1  S_1  
     e(  8 -  8) =     12.34882  eV     1   --> B_2  D_4  S_4  

 **************************************************************************

 **************************************************************************

                    xk=(   0.33588,   0.33588,   0.00000  )

     Band symmetry, C_2v (mm2)  point group:

     e(  1 -  1) =     -3.90198  eV     1   --> A_1  D_1  S_1  
     e(  2 -  2) =      0.95268  eV     1   --> B_2  D_4  S_4  
     e(  3 -  3) =      2.61726  eV     1   --> A_1  D_1  S_1  
     e(  4 -  4) =      4.99558  eV     1   --> A_2  D_2  S_2  
     e(  5 -  5) =      8.77897  eV     1   --> B_2  D_4  S_4  
     e(  6 -  6) =     10.77620  eV     1   --> B_1  D_3  S_3  
     e(  7 -  7) =     11.11762  eV     1   --> A_1  D_1  S_1  
     e(  8 -  8) =     12.21491  eV     1   --> B_2  D_4  S_4  

 **************************************************************************

 **************************************************************************

                    xk=(   0.31820,   0.31820,   0.00000  )

     Band symmetry, C_2v (mm2)  point group:

     e(  1 -  1) =     -4.07912  eV     1   --> A_1  D_1  S_1  
     e(  2 -  2) =      1.19885  eV     1   --> B_2  D_4  S_4  
     e(  3 -  3) =      2.79995  eV     1   --> A_1  D_1  S_1  
     e(  4 -  4) =      5.11813  eV     1   --> A_2  D_2  S_2  
     e(  5 -  5) =      8.89736  eV     1   --> B_2  D_4  S_4  
     e(  6 -  6) =     10.57188  eV     1   --> B_1  D_3  S_3  
     e(  7 -  7) =     10.90739  eV     1   --> A_1  D_1  S_1  
     e(  8 -  8) =     12.10191  eV     1   --> B_2  D_4  S_4  

 **************************************************************************

 **************************************************************************

                    xk=(   0.30052,   0.30052,   0.00000  )

     Band symmetry, C_2v (mm2)  point group:

     e(  1 -  1) =     -4.25024  eV     1   --> A_1  D_1  S_1  
     e(  2 -  2) =      1.45540  eV     1   --> B_2  D_4  S_4  
     e(  3 -  3) =      2.99451  eV     1   --> A_1  D_1  S_1  
     e(  4 -  4) =      5.23797  eV     1   --> A_2  D_2  S_2  
     e(  5 -  5) =      9.00333  eV     1   --> B_2  D_4  S_4  
     e(  6 -  6) =     10.37815  eV     1   --> B_1  D_3  S_3  
     e(  7 -  7) =     10.70640  eV     1   --> A_1  D_1  S_1  
     e(  8 -  8) =     12.01158  eV     1   --> B_2  D_4  S_4  

 **************************************************************************

 **************************************************************************

                    xk=(   0.28284,   0.28284,   0.00000  )

     Band symmetry, C_2v (mm2)  point group:

     e(  1 -  1) =     -4.41447  eV     1   --> A_1  D_1  S_1  
     e(  2 -  2) =      1.72207  eV     1   --> B_2  D_4  S_4  
     e(  3 -  3) =      3.19957  eV     1   --> A_1  D_1  S_1  
     e(  4 -  4) =      5.35383  eV     1   --> A_2  D_2  S_2  
     e(  5 -  5) =      9.09350  eV     1   --> B_2  D_4  S_4  
     e(  6 -  6) =     10.19511  eV     1   --> B_1  D_3  S_3  
     e(  7 -  7) =     10.51486  eV     1   --> A_1  D_1  S_1  
     e(  8 -  8) =     11.94488  eV     1   --> B_2  D_4  S_4  

 **************************************************************************

 **************************************************************************

                    xk=(   0.26517,   0.26517,   0.00000  )

     Band symmetry, C_2v (mm2)  point group:

     e(  1 -  1) =     -4.57112  eV     1   --> A_1  D_1  S_1  
     e(  2 -  2) =      1.99860  eV     1   --> B_2  D_4  S_4  
     e(  3 -  3) =      3.41382  eV     1   --> A_1  D_1  S_1  
     e(  4 -  4) =      5.46450  eV     1   --> A_2  D_2  S_2  
     e(  5 -  5) =      9.16515  eV     1   --> B_2  D_4  S_4  
     e(  6 -  6) =     10.02284  eV     1   --> B_1  D_3  S_3  
     e(  7 -  7) =     10.33282  eV     1   --> A_1  D_1  S_1  
     e(  8 -  8) =     11.90116  eV     1   --> B_2  D_4  S_4  

 **************************************************************************

 **************************************************************************

                    xk=(   0.24749,   0.24749,   0.00000  )

     Band symmetry, C_2v (mm2)  point group:

     e(  1 -  1) =     -4.71957  eV     1   --> A_1  D_1  S_1  
     e(  2 -  2) =      2.28466  eV     1   --> B_2  D_4  S_4  
     e(  3 -  3) =      3.63591  eV     1   --> A_1  D_1  S_1  
     e(  4 -  4) =      5.56885  eV     1   --> A_2  D_2  S_2  
     e(  5 -  5) =      9.21668  eV     1   --> B_2  D_4  S_4  
     e(  6 -  6) =      9.86142  eV     1   --> B_1  D_3  S_3  
     e(  7 -  7) =     10.16026  eV     1   --> A_1  D_1  S_1  
     e(  8 -  8) =     11.87705  eV     1   --> B_2  D_4  S_4  

 **************************************************************************

 **************************************************************************

                    xk=(   0.22981,   0.22981,   0.00000  )

     Band symmetry, C_2v (mm2)  point group:

     e(  1 -  1) =     -4.85934  eV     1   --> A_1  D_1  S_1  
     e(  2 -  2) =      2.57983  eV     1   --> B_2  D_4  S_4  
     e(  3 -  3) =      3.86437  eV     1   --> A_1  D_1  S_1  
     e(  4 -  4) =      5.66589  eV     1   --> A_2  D_2  S_2  
     e(  5 -  5) =      9.24803  eV     1   --> B_2  D_4  S_4  
     e(  6 -  6) =      9.71090  eV     1   --> B_1  D_3  S_3  
     e(  7 -  7) =      9.99707  eV     1   --> A_1  D_1  S_1  
     e(  8 -  8) =     11.86529  eV     1   --> B_2  D_4  S_4  

 **************************************************************************

 **************************************************************************

                    xk=(   0.21213,   0.21213,   0.00000  )

     Band symmetry, C_2v (mm2)  point group:

     e(  1 -  1) =     -4.99001  eV     1   --> A_1  D_1  S_1  
     e(  2 -  2) =      2.88359  eV     1   --> B_2  D_4  S_4  
     e(  3 -  3) =      4.09765  eV     1   --> A_1  D_1  S_1  
     e(  4 -  4) =      5.75485  eV     1   --> A_2  D_2  S_2  
     e(  5 -  5) =      9.26070  eV     1   --> B_2  D_4  S_4  
     e(  6 -  6) =      9.57135  eV     1   --> B_1  D_3  S_3  
     e(  7 -  7) =      9.84310  eV     1   --> A_1  D_1  S_1  
     e(  8 -  8) =     11.85343  eV     1   --> B_2  D_4  S_4  

 **************************************************************************

 **************************************************************************

                    xk=(   0.19445,   0.19445,   0.00000  )

     Band symmetry, C_2v (mm2)  point group:

     e(  1 -  1) =     -5.11122  eV     1   --> A_1  D_1  S_1  
     e(  2 -  2) =      3.19529  eV     1   --> B_2  D_4  S_4  
     e(  3 -  3) =      4.33398  eV     1   --> A_1  D_1  S_1  
     e(  4 -  4) =      5.83516  eV     1   --> A_2  D_2  S_2  
     e(  5 -  5) =      9.25735  eV     1   --> B_2  D_4  S_4  
     e(  6 -  6) =      9.44281  eV     1   --> B_1  D_3  S_3  
     e(  7 -  7) =      9.69816  eV     1   --> A_1  D_1  S_1  
     e(  8 -  8) =     11.82294  eV     1   --> B_2  D_4  S_4  

 **************************************************************************

 **************************************************************************

                    xk=(   0.17678,   0.17678,   0.00000  )

     Band symmetry, C_2v (mm2)  point group:

     e(  1 -  1) =     -5.22269  eV     1   --> A_1  D_1  S_1  
     e(  2 -  2) =      3.51405  eV     1   --> B_2  D_4  S_4  
     e(  3 -  3) =      4.57133  eV     1   --> A_1  D_1  S_1  
     e(  4 -  4) =      5.90654  eV     1   --> A_2  D_2  S_2  
     e(  5 -  5) =      9.24122  eV     1   --> B_2  D_4  S_4  
     e(  6 -  6) =      9.32532  eV     1   --> B_1  D_3  S_3  
     e(  7 -  7) =      9.56205  eV     1   --> A_1  D_1  S_1  
     e(  8 -  8) =     11.74998  eV     1   --> B_2  D_4  S_4  

 **************************************************************************

 **************************************************************************

                    xk=(   0.15910,   0.15910,   0.00000  )

     Band symmetry, C_2v (mm2)  point group:

     e(  1 -  1) =     -5.32416  eV     1   --> A_1  D_1  S_1  
     e(  2 -  2) =      3.83872  eV     1   --> B_2  D_4  S_4  
     e(  3 -  3) =      4.80733  eV     1   --> A_1  D_1  S_1  
     e(  4 -  4) =      5.96897  eV     1   --> A_2  D_2  S_2  
     e(  5 -  5) =      9.21551  eV     1   --> B_2  D_4  S_4  
     e(  6 -  6) =      9.21893  eV     1   --> B_1  D_3  S_3  
     e(  7 -  7) =      9.43455  eV     1   --> A_1  D_1  S_1  
     e(  8 -  8) =     11.61180  eV     1   --> B_2  D_4  S_4  

 **************************************************************************

 **************************************************************************

                    xk=(   0.14142,   0.14142,   0.00000  )

     Band symmetry, C_2v (mm2)  point group:

     e(  1 -  1) =     -5.41543  eV     1   --> A_1  D_1  S_1  
     e(  2 -  2) =      4.16769  eV     1   --> B_2  D_4  S_4  
     e(  3 -  3) =      5.03918  eV     1   --> A_1  D_1  S_1  
     e(  4 -  4) =      6.02265  eV     1   --> A_2  D_2  S_2  
     e(  5 -  5) =      9.12366  eV     1   --> B_1  D_3  S_3  
     e(  6 -  6) =      9.18291  eV     1   --> B_2  D_4  S_4  
     e(  7 -  7) =      9.31553  eV     1   --> A_1  D_1  S_1  
     e(  8 -  8) =     11.39924  eV     1   --> B_2  D_4  S_4  

 **************************************************************************

 **************************************************************************

                    xk=(   0.12374,   0.12374,   0.00000  )

     Band symmetry, C_2v (mm2)  point group:

     e(  1 -  1) =     -5.49633  eV     1   --> A_1  D_1  S_1  
     e(  2 -  2) =      4.49869  eV     1   --> B_2  D_4  S_4  
     e(  3 -  3) =      5.26355  eV     1   --> A_1  D_1  S_1  
     e(  4 -  4) =      6.06798  eV     1   --> A_2  D_2  S_2  
     e(  5 -  5) =      9.03954  eV     1   --> B_1  D_3  S_3  
     e(  6 -  6) =      9.14534  eV     1   --> B_2  D_4  S_4  
     e(  7 -  7) =      9.20499  eV     1   --> A_1  D_1  S_1  
     e(  8 -  8) =     11.12398  eV     1   --> B_2  D_4  S_4  

 **************************************************************************

 **************************************************************************

                    xk=(   0.10607,   0.10607,   0.00000  )

     Band symmetry, C_2v (mm2)  point group:

     e(  1 -  1) =     -5.56671  eV     1   --> A_1  D_1  S_1  
     e(  2 -  2) =      4.82838  eV     1   --> B_2  D_4  S_4  
     e(  3 -  3) =      5.47641  eV     1   --> A_1  D_1  S_1  
     e(  4 -  4) =      6.10550  eV     1   --> A_2  D_2  S_2  
     e(  5 -  5) =      8.96659  eV     1   --> B_1  D_3  S_3  
     e(  6 -  6) =      9.10323  eV     1   --> A_1  D_1  S_1  
     e(  7 -  7) =      9.10358  eV     1   --> B_2  D_4  S_4  
     e(  8 -  8) =     10.81092  eV     1   --> B_2  D_4  S_4  

 **************************************************************************

 **************************************************************************

                    xk=(   0.08839,   0.08839,   0.00000  )

     Band symmetry, C_2v (mm2)  point group:

     e(  1 -  1) =     -5.62644  eV     1   --> A_1  D_1  S_1  
     e(  2 -  2) =      5.15171  eV     1   --> B_2  D_4  S_4  
     e(  3 -  3) =      5.67300  eV     1   --> A_1  D_1  S_1  
     e(  4 -  4) =      6.13584  eV     1   --> A_2  D_2  S_2  
     e(  5 -  5) =      8.90483  eV     1   --> B_1  D_3  S_3  
     e(  6 -  6) =      9.01098  eV     1   --> A_1  D_1  S_1  
     e(  7 -  7) =      9.05696  eV     1   --> B_2  D_4  S_4  
     e(  8 -  8) =     10.48725  eV     1   --> B_2  D_4  S_4  

 **************************************************************************

 **************************************************************************

                    xk=(   0.07071,   0.07071,   0.00000  )

     Band symmetry, C_2v (mm2)  point group:

     e(  1 -  1) =     -5.67545  eV     1   --> A_1  D_1  S_1  
     e(  2 -  2) =      5.46080  eV     1   --> B_2  D_4  S_4  
     e(  3 -  3) =      5.84769  eV     1   --> A_1  D_1  S_1  
     e(  4 -  4) =      6.15960  eV     1   --> A_2  D_2  S_2  
     e(  5 -  5) =      8.85427  eV     1   --> B_1  D_3  S_3  
     e(  6 -  6) =      8.92960  eV     1   --> A_1  D_1  S_1  
     e(  7 -  7) =      9.00291  eV     1   --> B_2  D_4  S_4  
     e(  8 -  8) =     10.17908  eV     1   --> B_2  D_4  S_4  

 **************************************************************************

 **************************************************************************

                    xk=(   0.05303,   0.05303,   0.00000  )

     Band symmetry, C_2v (mm2)  point group:

     e(  1 -  1) =     -5.71363  eV     1   --> A_1  D_1  S_1  
     e(  2 -  2) =      5.74308  eV     1   --> B_2  D_4  S_4  
     e(  3 -  3) =      5.99411  eV     1   --> A_1  D_1  S_1  
     e(  4 -  4) =      6.17739  eV     1   --> A_2  D_2  S_2  
     e(  5 -  5) =      8.81494  eV     1   --> B_1  D_3  S_3  
     e(  6 -  6) =      8.86127  eV     1   --> A_1  D_1  S_1  
     e(  7 -  7) =      8.93771  eV     1   --> B_2  D_4  S_4  
     e(  8 -  8) =      9.91290  eV     1   --> B_2  D_4  S_4  

 **************************************************************************

 **************************************************************************

                    xk=(   0.03536,   0.03536,   0.00000  )

     Band symmetry, C_2v (mm2)  point group:

     e(  1 -  1) =     -5.74095  eV     1   --> A_1  D_1  S_1  
     e(  2 -  2) =      5.97898  eV     1   --> B_2  D_4  S_4  
     e(  3 -  3) =      6.10547  eV     1   --> A_1  D_1  S_1  
     e(  4 -  4) =      6.18972  eV     1   --> A_2  D_2  S_2  
     e(  5 -  5) =      8.78685  eV     1   --> B_1  D_3  S_3  
     e(  6 -  6) =      8.80893  eV     1   --> A_1  D_1  S_1  
     e(  7 -  7) =      8.86208  eV     1   --> B_2  D_4  S_4  
     e(  8 -  8) =      9.71392  eV     1   --> B_2  D_4  S_4  

 **************************************************************************

 **************************************************************************

                    xk=(   0.01768,   0.01768,   0.00000  )

     Band symmetry, C_2v (mm2)  point group:

     e(  1 -  1) =     -5.75736  eV     1   --> A_1  D_1  S_1  
     e(  2 -  2) =      6.14084  eV     1   --> B_2  D_4  S_4  
     e(  3 -  3) =      6.17544  eV     1   --> A_1  D_1  S_1  
     e(  4 -  4) =      6.19695  eV     1   --> A_2  D_2  S_2  
     e(  5 -  5) =      8.76998  eV     1   --> B_1  D_3  S_3  
     e(  6 -  6) =      8.77576  eV     1   --> A_1  D_1  S_1  
     e(  7 -  7) =      8.79332  eV     1   --> B_2  D_4  S_4  
     e(  8 -  8) =      9.59627  eV     1   --> B_2  D_4  S_4  

 **************************************************************************

 **************************************************************************

                    xk=(   0.00000,   0.00000,   0.00000  )

     point group O_h (m-3m) 
     there are 10 classes
     the character table:

       E     8C3   3C2   6C4   6C2'  i     8S6   3s_h  6S4   6s_d 
A_1g   1.00  1.00  1.00  1.00  1.00  1.00  1.00  1.00  1.00  1.00
A_2g   1.00  1.00  1.00 -1.00 -1.00  1.00  1.00  1.00 -1.00 -1.00
E_g    2.00 -1.00  2.00  0.00  0.00  2.00 -1.00  2.00  0.00  0.00
T_1g   3.00  0.00 -1.00  1.00 -1.00  3.00  0.00 -1.00  1.00 -1.00
T_2g   3.00  0.00 -1.00 -1.00  1.00  3.00  0.00 -1.00 -1.00  1.00
A_1u   1.00  1.00  1.00  1.00  1.00 -1.00 -1.00 -1.00 -1.00 -1.00
A_2u   1.00  1.00  1.00 -1.00 -1.00 -1.00 -1.00 -1.00  1.00  1.00
E_u    2.00 -1.00  2.00  0.00  0.00 -2.00  1.00 -2.00  0.00  0.00
T_1u   3.00  0.00 -1.00  1.00 -1.00 -3.00  0.00  1.00 -1.00  1.00
T_2u   3.00  0.00 -1.00 -1.00  1.00 -3.00  0.00  1.00  1.00 -1.00

     the symmetry operations in each class and the name of the first element:

     E        1
                                                                 
     8C3     17   19   20   18   24   21   22   23
                                                                 
     3C2      2    4    3
                                                                 
     6C4      7    8   15   16   12   11
                                                                 
     6C2'     5    6   14   13   10    9
                                                                 
     i       25
                                                                 
     8S6     41   43   44   42   48   45   46   47
                                                                 
     3s_h    26   28   27
                                                                 
     6S4     31   32   39   40   36   35
                                                                 
     6s_d    29   30   38   37   34   33
                                                                 

     Band symmetry, O_h (m-3m)  point group:

     e(  1 -  1) =     -5.76283  eV     1   --> A_1g G_1   G_1+
     e(  2 -  4) =      6.19934  eV     3   --> T_2g G_25' G_5+
     e(  5 -  7) =      8.76436  eV     3   --> T_1u G_15  G_4-
     e(  8 -  8) =      9.55834  eV     1   --> A_2u G_2'  G_2-

 **************************************************************************

 **************************************************************************

                    xk=(   0.01179,   0.01179,   0.01179  )

     point group C_3v (3m)  
     there are  3 classes
     the character table:

       E     2C3   3s_v 
A_1    1.00  1.00  1.00
A_2    1.00  1.00 -1.00
E      2.00 -1.00  0.00

     the symmetry operations in each class and the name of the first element:

     E        1
                                                                 
     2C3      2    3
                                                                 
     3s_v     4    5    6
                                                                 

     Band symmetry, C_3v (3m)   point group:

     e(  1 -  1) =     -5.75918  eV     1   --> A_1  L_1       
     e(  2 -  2) =      6.15531  eV     1   --> A_1  L_1       
     e(  3 -  4) =      6.19297  eV     2   --> E    L_3       
     e(  5 -  6) =      8.77367  eV     2   --> E    L_3       
     e(  7 -  7) =      8.77661  eV     1   --> A_1  L_1       
     e(  8 -  8) =      9.58367  eV     1   --> A_1  L_1       

 **************************************************************************

 **************************************************************************

                    xk=(   0.02357,   0.02357,   0.02357  )

     Band symmetry, C_3v (3m)   point group:

     e(  1 -  1) =     -5.74824  eV     1   --> A_1  L_1       
     e(  2 -  2) =      6.03038  eV     1   --> A_1  L_1       
     e(  3 -  4) =      6.17420  eV     2   --> E    L_3       
     e(  5 -  6) =      8.80111  eV     2   --> E    L_3       
     e(  7 -  7) =      8.80316  eV     1   --> A_1  L_1       
     e(  8 -  8) =      9.66293  eV     1   --> A_1  L_1       

 **************************************************************************

 **************************************************************************

                    xk=(   0.03536,   0.03536,   0.03536  )

     Band symmetry, C_3v (3m)   point group:

     e(  1 -  1) =     -5.73003  eV     1   --> A_1  L_1       
     e(  2 -  2) =      5.84136  eV     1   --> A_1  L_1       
     e(  3 -  4) =      6.14404  eV     2   --> E    L_3       
     e(  5 -  5) =      8.82386  eV     1   --> A_1  L_1       
     e(  6 -  7) =      8.84539  eV     2   --> E    L_3       
     e(  8 -  8) =      9.80012  eV     1   --> A_1  L_1       

 **************************************************************************

 **************************************************************************

                    xk=(   0.04714,   0.04714,   0.04714  )

     Band symmetry, C_3v (3m)   point group:

     e(  1 -  1) =     -5.70455  eV     1   --> A_1  L_1       
     e(  2 -  2) =      5.60636  eV     1   --> A_1  L_1       
     e(  3 -  4) =      6.10394  eV     2   --> E    L_3       
     e(  5 -  5) =      8.82597  eV     1   --> A_1  L_1       
     e(  6 -  7) =      8.90447  eV     2   --> E    L_3       
     e(  8 -  8) =      9.99090  eV     1   --> A_1  L_1       

 **************************************************************************

 **************************************************************************

                    xk=(   0.05893,   0.05893,   0.05893  )

     Band symmetry, C_3v (3m)   point group:

     e(  1 -  1) =     -5.67185  eV     1   --> A_1  L_1       
     e(  2 -  2) =      5.34013  eV     1   --> A_1  L_1       
     e(  3 -  4) =      6.05563  eV     2   --> E    L_3       
     e(  5 -  5) =      8.80807  eV     1   --> A_1  L_1       
     e(  6 -  7) =      8.97584  eV     2   --> E    L_3       
     e(  8 -  8) =     10.22321  eV     1   --> A_1  L_1       

 **************************************************************************

 **************************************************************************

                    xk=(   0.07071,   0.07071,   0.07071  )

     Band symmetry, C_3v (3m)   point group:

     e(  1 -  1) =     -5.63196  eV     1   --> A_1  L_1       
     e(  2 -  2) =      5.05330  eV     1   --> A_1  L_1       
     e(  3 -  4) =      6.00088  eV     2   --> E    L_3       
     e(  5 -  5) =      8.77396  eV     1   --> A_1  L_1       
     e(  6 -  7) =      9.05664  eV     2   --> E    L_3       
     e(  8 -  8) =     10.48408  eV     1   --> A_1  L_1       

 **************************************************************************

 **************************************************************************

                    xk=(   0.08250,   0.08250,   0.08250  )

     Band symmetry, C_3v (3m)   point group:

     e(  1 -  1) =     -5.58493  eV     1   --> A_1  L_1       
     e(  2 -  2) =      4.75323  eV     1   --> A_1  L_1       
     e(  3 -  4) =      5.94140  eV     2   --> E    L_3       
     e(  5 -  5) =      8.72798  eV     1   --> A_1  L_1       
     e(  6 -  7) =      9.14383  eV     2   --> E    L_3       
     e(  8 -  8) =     10.76332  eV     1   --> A_1  L_1       

 **************************************************************************

 **************************************************************************

                    xk=(   0.09428,   0.09428,   0.09428  )

     Band symmetry, C_3v (3m)   point group:

     e(  1 -  1) =     -5.53084  eV     1   --> A_1  L_1       
     e(  2 -  2) =      4.44503  eV     1   --> A_1  L_1       
     e(  3 -  4) =      5.87874  eV     2   --> E    L_3       
     e(  5 -  5) =      8.67371  eV     1   --> A_1  L_1       
     e(  6 -  7) =      9.23425  eV     2   --> E    L_3       
     e(  8 -  8) =     11.05379  eV     1   --> A_1  L_1       

 **************************************************************************

 **************************************************************************

                    xk=(   0.10607,   0.10607,   0.10607  )

     Band symmetry, C_3v (3m)   point group:

     e(  1 -  1) =     -5.46975  eV     1   --> A_1  L_1       
     e(  2 -  2) =      4.13226  eV     1   --> A_1  L_1       
     e(  3 -  4) =      5.81421  eV     2   --> E    L_3       
     e(  5 -  5) =      8.61386  eV     1   --> A_1  L_1       
     e(  6 -  7) =      9.32468  eV     2   --> E    L_3       
     e(  8 -  8) =     11.35063  eV     1   --> A_1  L_1       

 **************************************************************************

 **************************************************************************

                    xk=(   0.11785,   0.11785,   0.11785  )

     Band symmetry, C_3v (3m)   point group:

     e(  1 -  1) =     -5.40177  eV     1   --> A_1  L_1       
     e(  2 -  2) =      3.81757  eV     1   --> A_1  L_1       
     e(  3 -  4) =      5.74898  eV     2   --> E    L_3       
     e(  5 -  5) =      8.55053  eV     1   --> A_1  L_1       
     e(  6 -  7) =      9.41192  eV     2   --> E    L_3       
     e(  8 -  8) =     11.65050  eV     1   --> A_1  L_1       

 **************************************************************************

 **************************************************************************

                    xk=(   0.12964,   0.12964,   0.12964  )

     Band symmetry, C_3v (3m)   point group:

     e(  1 -  1) =     -5.32701  eV     1   --> A_1  L_1       
     e(  2 -  2) =      3.50291  eV     1   --> A_1  L_1       
     e(  3 -  4) =      5.68396  eV     2   --> E    L_3       
     e(  5 -  5) =      8.48534  eV     1   --> A_1  L_1       
     e(  6 -  7) =      9.49288  eV     2   --> E    L_3       
     e(  8 -  8) =     11.95096  eV     1   --> A_1  L_1       

 **************************************************************************

 **************************************************************************

                    xk=(   0.14142,   0.14142,   0.14142  )

     Band symmetry, C_3v (3m)   point group:

     e(  1 -  1) =     -5.24560  eV     1   --> A_1  L_1       
     e(  2 -  2) =      3.18979  eV     1   --> A_1  L_1       
     e(  3 -  4) =      5.61994  eV     2   --> E    L_3       
     e(  5 -  5) =      8.41955  eV     1   --> A_1  L_1       
     e(  6 -  7) =      9.56479  eV     2   --> E    L_3       
     e(  8 -  8) =     12.25010  eV     1   --> A_1  L_1       

 **************************************************************************

 **************************************************************************

                    xk=(   0.15321,   0.15321,   0.15321  )

     Band symmetry, C_3v (3m)   point group:

     e(  1 -  1) =     -5.15773  eV     1   --> A_1  L_1       
     e(  2 -  2) =      2.87948  eV     1   --> A_1  L_1       
     e(  3 -  4) =      5.55755  eV     2   --> E    L_3       
     e(  5 -  5) =      8.35421  eV     1   --> A_1  L_1       
     e(  6 -  7) =      9.62537  eV     2   --> E    L_3       
     e(  8 -  8) =     12.54606  eV     1   --> A_1  L_1       

 **************************************************************************

 **************************************************************************

                    xk=(   0.16499,   0.16499,   0.16499  )

     Band symmetry, C_3v (3m)   point group:

     e(  1 -  1) =     -5.06359  eV     1   --> A_1  L_1       
     e(  2 -  2) =      2.57300  eV     1   --> A_1  L_1       
     e(  3 -  4) =      5.49730  eV     2   --> E    L_3       
     e(  5 -  5) =      8.29013  eV     1   --> A_1  L_1       
     e(  6 -  7) =      9.67307  eV     2   --> E    L_3       
     e(  8 -  8) =     12.83665  eV     1   --> A_1  L_1       

 **************************************************************************

 **************************************************************************

                    xk=(   0.17678,   0.17678,   0.17678  )

     Band symmetry, C_3v (3m)   point group:

     e(  1 -  1) =     -4.96344  eV     1   --> A_1  L_1       
     e(  2 -  2) =      2.27128  eV     1   --> A_1  L_1       
     e(  3 -  4) =      5.43960  eV     2   --> E    L_3       
     e(  5 -  5) =      8.22798  eV     1   --> A_1  L_1       
     e(  6 -  7) =      9.70725  eV     2   --> E    L_3       
     e(  8 -  8) =     13.11868  eV     1   --> A_1  L_1       

 **************************************************************************

 **************************************************************************

                    xk=(   0.18856,   0.18856,   0.18856  )

     Band symmetry, C_3v (3m)   point group:

     e(  1 -  1) =     -4.85758  eV     1   --> A_1  L_1       
     e(  2 -  2) =      1.97517  eV     1   --> A_1  L_1       
     e(  3 -  4) =      5.38479  eV     2   --> E    L_3       
     e(  5 -  5) =      8.16830  eV     1   --> A_1  L_1       
     e(  6 -  7) =      9.72817  eV     2   --> E    L_3       
     e(  8 -  8) =     13.38687  eV     1   --> A_1  L_1       

 **************************************************************************

 **************************************************************************

                    xk=(   0.20035,   0.20035,   0.20035  )

     Band symmetry, C_3v (3m)   point group:

     e(  1 -  1) =     -4.74642  eV     1   --> A_1  L_1       
     e(  2 -  2) =      1.68551  eV     1   --> A_1  L_1       
     e(  3 -  4) =      5.33313  eV     2   --> E    L_3       
     e(  5 -  5) =      8.11154  eV     1   --> A_1  L_1       
     e(  6 -  7) =      9.73694  eV     2   --> E    L_3       
     e(  8 -  8) =     13.63211  eV     1   --> A_1  L_1       

 **************************************************************************

 **************************************************************************

                    xk=(   0.21213,   0.21213,   0.21213  )

     Band symmetry, C_3v (3m)   point group:

     e(  1 -  1) =     -4.63043  eV     1   --> A_1  L_1       
     e(  2 -  2) =      1.40314  eV     1   --> A_1  L_1       
     e(  3 -  4) =      5.28483  eV     2   --> E    L_3       
     e(  5 -  5) =      8.05804  eV     1   --> A_1  L_1       
     e(  6 -  7) =      9.73524  eV     2   --> E    L_3       
     e(  8 -  8) =     13.80138  eV     1   -->   ?

 **************************************************************************

 **************************************************************************

                    xk=(   0.22392,   0.22392,   0.22392  )

     Band symmetry, C_3v (3m)   point group:

     e(  1 -  1) =     -4.51023  eV     1   --> A_1  L_1       
     e(  2 -  2) =      1.12899  eV     1   --> A_1  L_1       
     e(  3 -  4) =      5.24003  eV     2   --> E    L_3       
     e(  5 -  5) =      8.00810  eV     1   --> A_1  L_1       
     e(  6 -  7) =      9.72508  eV     2   --> E    L_3       
     e(  8 -  8) =     13.98532  eV     1   -->   ?

 **************************************************************************

 **************************************************************************

                    xk=(   0.23570,   0.23570,   0.23570  )

     Band symmetry, C_3v (3m)   point group:

     e(  1 -  1) =     -4.38661  eV     1   --> A_1  L_1       
     e(  2 -  2) =      0.86411  eV     1   --> A_1  L_1       
     e(  3 -  4) =      5.19888  eV     2   --> E    L_3       
     e(  5 -  5) =      7.96194  eV     1   --> A_1  L_1       
     e(  6 -  7) =      9.70861  eV     2   --> E    L_3       
     e(  8 -  8) =     14.07746  eV     1   --> A_1  L_1       

 **************************************************************************

 **************************************************************************

                    xk=(   0.24749,   0.24749,   0.24749  )

     Band symmetry, C_3v (3m)   point group:

     e(  1 -  1) =     -4.26060  eV     1   --> A_1  L_1       
     e(  2 -  2) =      0.60974  eV     1   --> A_1  L_1       
     e(  3 -  4) =      5.16148  eV     2   --> E    L_3       
     e(  5 -  5) =      7.91977  eV     1   --> A_1  L_1       
     e(  6 -  7) =      9.68788  eV     2   --> E    L_3       
     e(  8 -  8) =     14.10851  eV     1   --> A_1  L_1       

 **************************************************************************

 **************************************************************************

                    xk=(   0.25927,   0.25927,   0.25927  )

     Band symmetry, C_3v (3m)   point group:

     e(  1 -  1) =     -4.13352  eV     1   --> A_1  L_1       
     e(  2 -  2) =      0.36739  eV     1   --> A_1  L_1       
     e(  3 -  4) =      5.12788  eV     2   --> E    L_3       
     e(  5 -  5) =      7.88172  eV     1   --> A_1  L_1       
     e(  6 -  7) =      9.66477  eV     2   --> E    L_3       
     e(  8 -  8) =     14.10472  eV     1   --> A_1  L_1       

 **************************************************************************

 **************************************************************************

                    xk=(   0.27106,   0.27106,   0.27106  )

     Band symmetry, C_3v (3m)   point group:

     e(  1 -  1) =     -4.00713  eV     1   --> A_1  L_1       
     e(  2 -  2) =      0.13897  eV     1   --> A_1  L_1       
     e(  3 -  4) =      5.09815  eV     2   --> E    L_3       
     e(  5 -  5) =      7.84792  eV     1   --> A_1  L_1       
     e(  6 -  7) =      9.64091  eV     2   --> E    L_3       
     e(  8 -  8) =     14.08307  eV     1   --> A_1  L_1       

 **************************************************************************

 **************************************************************************

                    xk=(   0.28284,   0.28284,   0.28284  )

     Band symmetry, C_3v (3m)   point group:

     e(  1 -  1) =     -3.88376  eV     1   --> A_1  L_1       
     e(  2 -  2) =     -0.07306  eV     1   --> A_1  L_1       
     e(  3 -  4) =      5.07233  eV     2   --> E    L_3       
     e(  5 -  5) =      7.81847  eV     1   --> A_1  L_1       
     e(  6 -  7) =      9.61769  eV     2   --> E    L_3       
     e(  8 -  8) =     14.05415  eV     1   --> A_1  L_1       

 **************************************************************************

 **************************************************************************

                    xk=(   0.29463,   0.29463,   0.29463  )

     Band symmetry, C_3v (3m)   point group:

     e(  1 -  1) =     -3.76646  eV     1   --> A_1  L_1       
     e(  2 -  2) =     -0.26556  eV     1   --> A_1  L_1       
     e(  3 -  4) =      5.05045  eV     2   --> E    L_3       
     e(  5 -  5) =      7.79344  eV     1   --> A_1  L_1       
     e(  6 -  7) =      9.59628  eV     2   --> E    L_3       
     e(  8 -  8) =     14.02411  eV     1   --> A_1  L_1       

 **************************************************************************

 **************************************************************************

                    xk=(   0.30641,   0.30641,   0.30641  )

     Band symmetry, C_3v (3m)   point group:

     e(  1 -  1) =     -3.65915  eV     1   --> A_1  L_1       
     e(  2 -  2) =     -0.43450  eV     1   --> A_1  L_1       
     e(  3 -  4) =      5.03253  eV     2   --> E    L_3       
     e(  5 -  5) =      7.77289  eV     1   --> A_1  L_1       
     e(  6 -  7) =      9.57758  eV     2   --> E    L_3       
     e(  8 -  8) =     13.99652  eV     1   --> A_1  L_1       

 **************************************************************************

 **************************************************************************

                    xk=(   0.31820,   0.31820,   0.31820  )

     Band symmetry, C_3v (3m)   point group:

     e(  1 -  1) =     -3.56669  eV     1   --> A_1  L_1       
     e(  2 -  2) =     -0.57497  eV     1   --> A_1  L_1       
     e(  3 -  4) =      5.01859  eV     2   --> E    L_3       
     e(  5 -  5) =      7.75687  eV     1   --> A_1  L_1       
     e(  6 -  7) =      9.56234  eV     2   --> E    L_3       
     e(  8 -  8) =     13.97349  eV     1   --> A_1  L_1       

 **************************************************************************

 **************************************************************************

                    xk=(   0.32998,   0.32998,   0.32998  )

     Band symmetry, C_3v (3m)   point group:

     e(  1 -  1) =     -3.49463  eV     1   --> A_1  L_1       
     e(  2 -  2) =     -0.68135  eV     1   --> A_1  L_1       
     e(  3 -  4) =      5.00862  eV     2   --> E    L_3       
     e(  5 -  5) =      7.74541  eV     1   --> A_1  L_1       
     e(  6 -  7) =      9.55108  eV     2   --> E    L_3       
     e(  8 -  8) =     13.95630  eV     1   --> A_1  L_1       

 **************************************************************************

 **************************************************************************

                    xk=(   0.34177,   0.34177,   0.34177  )

     Band symmetry, C_3v (3m)   point group:

     e(  1 -  1) =     -3.44853  eV     1   --> A_1  L_1       
     e(  2 -  2) =     -0.74807  eV     1   --> A_1  L_1       
     e(  3 -  4) =      5.00264  eV     2   --> E    L_3       
     e(  5 -  5) =      7.73852  eV     1   --> A_1  L_1       
     e(  6 -  7) =      9.54417  eV     2   --> E    L_3       
     e(  8 -  8) =     13.94572  eV     1   --> A_1  L_1       

 **************************************************************************

 **************************************************************************

                    xk=(   0.35355,   0.35355,   0.35355  )

     zone border point and non-symmorphic group 
     symmetry decomposition not available

 **************************************************************************

 **************************************************************************

                    xk=(   0.34766,   0.36534,   0.34766  )

     point group C_s (m)    
     there are  2 classes
     the character table:

       E     s    
A'     1.00  1.00
A''    1.00 -1.00

     the symmetry operations in each class and the name of the first element:

     E        1
                                                                 
     s        2
                                                                 

     Band symmetry, C_s (m)     point group:

     e(  1 -  1) =     -3.43080  eV     1   --> A'             
     e(  2 -  2) =     -0.76988  eV     1   --> A'             
     e(  3 -  3) =      4.98296  eV     1   --> A'             
     e(  4 -  4) =      4.99722  eV     1   --> A''            
     e(  5 -  5) =      7.75266  eV     1   --> A'             
     e(  6 -  6) =      9.53865  eV     1   --> A'             
     e(  7 -  7) =      9.54898  eV     1   --> A''            
     e(  8 -  8) =     13.95055  eV     1   --> A'             

 **************************************************************************

 **************************************************************************

                    xk=(   0.34177,   0.37712,   0.34177  )

     Band symmetry, C_s (m)     point group:

     e(  1 -  1) =     -3.42532  eV     1   --> A'             
     e(  2 -  2) =     -0.76699  eV     1   --> A'             
     e(  3 -  3) =      4.93134  eV     1   --> A'             
     e(  4 -  4) =      4.98702  eV     1   --> A''            
     e(  5 -  5) =      7.80025  eV     1   --> A'             
     e(  6 -  6) =      9.52958  eV     1   --> A'             
     e(  7 -  7) =      9.57028  eV     1   --> A''            
     e(  8 -  8) =     13.97527  eV     1   --> A'             

 **************************************************************************

 **************************************************************************

                    xk=(   0.33588,   0.38891,   0.33588  )

     Band symmetry, C_s (m)     point group:

     e(  1 -  1) =     -3.41620  eV     1   --> A'             
     e(  2 -  2) =     -0.76220  eV     1   --> A'             
     e(  3 -  3) =      4.84957  eV     1   --> A'             
     e(  4 -  4) =      4.97026  eV     1   --> A''            
     e(  5 -  5) =      7.87422  eV     1   --> A'             
     e(  6 -  6) =      9.51625  eV     1   --> A'             
     e(  7 -  7) =      9.60555  eV     1   --> A''            
     e(  8 -  8) =     14.01486  eV     1   --> A'             

 **************************************************************************

 **************************************************************************

                    xk=(   0.32998,   0.40069,   0.32998  )

     Band symmetry, C_s (m)     point group:

     e(  1 -  1) =     -3.40345  eV     1   --> A'             
     e(  2 -  2) =     -0.75558  eV     1   --> A'             
     e(  3 -  3) =      4.74268  eV     1   --> A'             
     e(  4 -  4) =      4.94728  eV     1   --> A''            
     e(  5 -  5) =      7.96765  eV     1   --> A'             
     e(  6 -  6) =      9.50148  eV     1   --> A'             
     e(  7 -  7) =      9.65442  eV     1   --> A''            
     e(  8 -  8) =     14.06677  eV     1   --> A'             

 **************************************************************************

 **************************************************************************

                    xk=(   0.32409,   0.41248,   0.32409  )

     Band symmetry, C_s (m)     point group:

     e(  1 -  1) =     -3.38705  eV     1   --> A'             
     e(  2 -  2) =     -0.74722  eV     1   --> A'             
     e(  3 -  3) =      4.61596  eV     1   --> A'             
     e(  4 -  4) =      4.91854  eV     1   --> A''            
     e(  5 -  5) =      8.07222  eV     1   --> A'             
     e(  6 -  6) =      9.48960  eV     1   --> A'             
     e(  7 -  7) =      9.71645  eV     1   --> A''            
     e(  8 -  8) =     14.12710  eV     1   --> A'             

 **************************************************************************

 **************************************************************************

                    xk=(   0.31820,   0.42426,   0.31820  )

     Band symmetry, C_s (m)     point group:

     e(  1 -  1) =     -3.36704  eV     1   --> A'             
     e(  2 -  2) =     -0.73722  eV     1   --> A'             
     e(  3 -  3) =      4.47415  eV     1   --> A'             
     e(  4 -  4) =      4.88455  eV     1   --> A''            
     e(  5 -  5) =      8.17845  eV     1   --> A'             
     e(  6 -  6) =      9.48673  eV     1   --> A'             
     e(  7 -  7) =      9.79108  eV     1   --> A''            
     e(  8 -  8) =     14.18997  eV     1   --> A'             

 **************************************************************************

 **************************************************************************

                    xk=(   0.31231,   0.43605,   0.31231  )

     Band symmetry, C_s (m)     point group:

     e(  1 -  1) =     -3.34342  eV     1   --> A'             
     e(  2 -  2) =     -0.72573  eV     1   --> A'             
     e(  3 -  3) =      4.32130  eV     1   --> A'             
     e(  4 -  4) =      4.84592  eV     1   --> A''            
     e(  5 -  5) =      8.27580  eV     1   --> A'             
     e(  6 -  6) =      9.50090  eV     1   --> A'             
     e(  7 -  7) =      9.87773  eV     1   --> A''            
     e(  8 -  8) =     14.24624  eV     1   --> A'             

 **************************************************************************

 **************************************************************************

                    xk=(   0.30641,   0.44783,   0.30641  )

     Band symmetry, C_s (m)     point group:

     e(  1 -  1) =     -3.31621  eV     1   --> A'             
     e(  2 -  2) =     -0.71293  eV     1   --> A'             
     e(  3 -  3) =      4.16068  eV     1   --> A'             
     e(  4 -  4) =      4.80325  eV     1   --> A''            
     e(  5 -  5) =      8.35357  eV     1   --> A'             
     e(  6 -  6) =      9.54102  eV     1   --> A'             
     e(  7 -  7) =      9.97575  eV     1   --> A''            
     e(  8 -  8) =     14.28136  eV     1   --> A'             

 **************************************************************************

 **************************************************************************

                    xk=(   0.30052,   0.45962,   0.30052  )

     Band symmetry, C_s (m)     point group:

     e(  1 -  1) =     -3.28542  eV     1   --> A'             
     e(  2 -  2) =     -0.69903  eV     1   --> A'             
     e(  3 -  3) =      3.99494  eV     1   --> A'             
     e(  4 -  4) =      4.75715  eV     1   --> A''            
     e(  5 -  5) =      8.40355  eV     1   --> A'             
     e(  6 -  6) =      9.61420  eV     1   --> A'             
     e(  7 -  7) =     10.08451  eV     1   --> A''            
     e(  8 -  8) =     14.27437  eV     1   --> A'             

 **************************************************************************

 **************************************************************************

                    xk=(   0.29463,   0.47140,   0.29463  )

     Band symmetry, C_s (m)     point group:

     e(  1 -  1) =     -3.25108  eV     1   --> A'             
     e(  2 -  2) =     -0.68431  eV     1   --> A'             
     e(  3 -  3) =      3.82625  eV     1   --> A'             
     e(  4 -  4) =      4.70825  eV     1   --> A''            
     e(  5 -  5) =      8.42308  eV     1   --> A'             
     e(  6 -  6) =      9.72236  eV     1   --> A'             
     e(  7 -  7) =     10.20337  eV     1   --> A''            
     e(  8 -  8) =     14.20660  eV     1   --> A'             

 **************************************************************************

 **************************************************************************

                    xk=(   0.28874,   0.48319,   0.28874  )

     Band symmetry, C_s (m)     point group:

     e(  1 -  1) =     -3.21322  eV     1   --> A'             
     e(  2 -  2) =     -0.66908  eV     1   --> A'             
     e(  3 -  3) =      3.65640  eV     1   --> A'             
     e(  4 -  4) =      4.65711  eV     1   --> A''            
     e(  5 -  5) =      8.41537  eV     1   --> A'             
     e(  6 -  6) =      9.86191  eV     1   --> A'             
     e(  7 -  7) =     10.33171  eV     1   --> A''            
     e(  8 -  8) =     14.07960  eV     1   --> A'             

 **************************************************************************

 **************************************************************************

                    xk=(   0.28284,   0.49497,   0.28284  )

     Band symmetry, C_s (m)     point group:

     e(  1 -  1) =     -3.17186  eV     1   --> A'             
     e(  2 -  2) =     -0.65372  eV     1   --> A'             
     e(  3 -  3) =      3.48693  eV     1   --> A'             
     e(  4 -  4) =      4.60431  eV     1   --> A''            
     e(  5 -  5) =      8.38655  eV     1   --> A'             
     e(  6 -  6) =     10.02646  eV     1   --> A'             
     e(  7 -  7) =     10.46894  eV     1   --> A''            
     e(  8 -  8) =     13.91243  eV     1   --> A'             

 **************************************************************************

 **************************************************************************

                    xk=(   0.27695,   0.50676,   0.27695  )

     Band symmetry, C_s (m)     point group:

     e(  1 -  1) =     -3.12706  eV     1   --> A'             
     e(  2 -  2) =     -0.63869  eV     1   --> A'             
     e(  3 -  3) =      3.31925  eV     1   --> A'             
     e(  4 -  4) =      4.55034  eV     1   --> A''            
     e(  5 -  5) =      8.34281  eV     1   --> A'             
     e(  6 -  6) =     10.20969  eV     1   --> A'             
     e(  7 -  7) =     10.61449  eV     1   --> A''            
     e(  8 -  8) =     13.72323  eV     1   --> A'             

 **************************************************************************

 **************************************************************************

                    xk=(   0.27106,   0.51854,   0.27106  )

     Band symmetry, C_s (m)     point group:

     e(  1 -  1) =     -3.07884  eV     1   --> A'             
     e(  2 -  2) =     -0.62453  eV     1   --> A'             
     e(  3 -  3) =      3.15464  eV     1   --> A'             
     e(  4 -  4) =      4.49568  eV     1   --> A''            
     e(  5 -  5) =      8.28909  eV     1   --> A'             
     e(  6 -  6) =     10.40651  eV     1   --> A'             
     e(  7 -  7) =     10.76784  eV     1   --> A''            
     e(  8 -  8) =     13.52314  eV     1   --> A'             

 **************************************************************************

 **************************************************************************

                    xk=(   0.26517,   0.53033,   0.26517  )

     Band symmetry, C_s (m)     point group:

     e(  1 -  1) =     -3.02728  eV     1   --> A'             
     e(  2 -  2) =     -0.61185  eV     1   --> A'             
     e(  3 -  3) =      2.99435  eV     1   --> A'             
     e(  4 -  4) =      4.44075  eV     1   --> A''            
     e(  5 -  5) =      8.22902  eV     1   --> A'             
     e(  6 -  6) =     10.61309  eV     1   --> A'             
     e(  7 -  7) =     10.92847  eV     1   --> A''            
     e(  8 -  8) =     13.31840  eV     1   --> A'             

 **************************************************************************

 **************************************************************************

                    xk=(   0.25927,   0.54212,   0.25927  )

     Band symmetry, C_s (m)     point group:

     e(  1 -  1) =     -2.97244  eV     1   --> A'             
     e(  2 -  2) =     -0.60139  eV     1   --> A'             
     e(  3 -  3) =      2.83964  eV     1   --> A'             
     e(  4 -  4) =      4.38595  eV     1   --> A''            
     e(  5 -  5) =      8.16517  eV     1   --> A'             
     e(  6 -  6) =     10.82643  eV     1   --> A'             
     e(  7 -  7) =     11.09591  eV     1   --> A''            
     e(  8 -  8) =     13.11284  eV     1   --> A'             

 **************************************************************************

 **************************************************************************

                    xk=(   0.25338,   0.55390,   0.25338  )

     Band symmetry, C_s (m)     point group:

     e(  1 -  1) =     -2.91440  eV     1   --> A'             
     e(  2 -  2) =     -0.59398  eV     1   --> A'             
     e(  3 -  3) =      2.69179  eV     1   --> A'             
     e(  4 -  4) =      4.33162  eV     1   --> A''            
     e(  5 -  5) =      8.09941  eV     1   --> A'             
     e(  6 -  6) =     11.04374  eV     1   --> A'             
     e(  7 -  7) =     11.26969  eV     1   --> A''            
     e(  8 -  8) =     12.90937  eV     1   --> A'             

 **************************************************************************

 **************************************************************************

                    xk=(   0.24749,   0.56569,   0.24749  )

     Band symmetry, C_s (m)     point group:

     e(  1 -  1) =     -2.85326  eV     1   --> A'             
     e(  2 -  2) =     -0.59053  eV     1   --> A'             
     e(  3 -  3) =      2.55214  eV     1   --> A'             
     e(  4 -  4) =      4.27809  eV     1   --> A''            
     e(  5 -  5) =      8.03308  eV     1   --> A'             
     e(  6 -  6) =     11.26157  eV     1   --> A'             
     e(  7 -  7) =     11.44934  eV     1   --> A''            
     e(  8 -  8) =     12.71140  eV     1   --> A'             

 **************************************************************************

 **************************************************************************

                    xk=(   0.24159,   0.57747,   0.24159  )

     Band symmetry, C_s (m)     point group:

     e(  1 -  1) =     -2.78916  eV     1   --> A'             
     e(  2 -  2) =     -0.59205  eV     1   --> A'             
     e(  3 -  3) =      2.42207  eV     1   --> A'             
     e(  4 -  4) =      4.22562  eV     1   --> A''            
     e(  5 -  5) =      7.96720  eV     1   --> A'             
     e(  6 -  6) =     11.47333  eV     1   --> A'             
     e(  7 -  7) =     11.63438  eV     1   --> A''            
     e(  8 -  8) =     12.52537  eV     1   --> A'             

 **************************************************************************

 **************************************************************************

                    xk=(   0.23570,   0.58926,   0.23570  )

     Band symmetry, C_s (m)     point group:

     e(  1 -  1) =     -2.72226  eV     1   --> A'             
     e(  2 -  2) =     -0.59957  eV     1   --> A'             
     e(  3 -  3) =      2.30298  eV     1   --> A'             
     e(  4 -  4) =      4.17447  eV     1   --> A''            
     e(  5 -  5) =      7.90252  eV     1   --> A'             
     e(  6 -  6) =     11.66029  eV     1   --> A'             
     e(  7 -  7) =     11.82431  eV     1   --> A''            
     e(  8 -  8) =     12.36985  eV     1   --> A'             

 **************************************************************************

 **************************************************************************

                    xk=(   0.22981,   0.60104,   0.22981  )

     Band symmetry, C_s (m)     point group:

     e(  1 -  1) =     -2.65278  eV     1   --> A'             
     e(  2 -  2) =     -0.61407  eV     1   --> A'             
     e(  3 -  3) =      2.19624  eV     1   --> A'             
     e(  4 -  4) =      4.12486  eV     1   --> A''            
     e(  5 -  5) =      7.83964  eV     1   --> A'             
     e(  6 -  6) =     11.76149  eV     1   --> A'             
     e(  7 -  7) =     12.01854  eV     1   --> A''            
     e(  8 -  8) =     12.30569  eV     1   --> A'             

 **************************************************************************

 **************************************************************************

                    xk=(   0.22392,   0.61283,   0.22392  )

     Band symmetry, C_s (m)     point group:

     e(  1 -  1) =     -2.58099  eV     1   --> A'             
     e(  2 -  2) =     -0.63639  eV     1   --> A'             
     e(  3 -  3) =      2.10311  eV     1   --> A'             
     e(  4 -  4) =      4.07699  eV     1   --> A''            
     e(  5 -  5) =      7.77902  eV     1   --> A'             
     e(  6 -  6) =     11.70635  eV     1   --> A'             
     e(  7 -  7) =     12.21639  eV     1   --> A''            
     e(  8 -  8) =     12.40330  eV     1   --> A'             

 **************************************************************************

 **************************************************************************

                    xk=(   0.21802,   0.62461,   0.21802  )

     Band symmetry, C_s (m)     point group:

     e(  1 -  1) =     -2.50730  eV     1   --> A'             
     e(  2 -  2) =     -0.66708  eV     1   --> A'             
     e(  3 -  3) =      2.02463  eV     1   --> A'             
     e(  4 -  4) =      4.03104  eV     1   --> A''            
     e(  5 -  5) =      7.72103  eV     1   --> A'             
     e(  6 -  6) =     11.56135  eV     1   --> A'             
     e(  7 -  7) =     12.41697  eV     1   --> A''            
     e(  8 -  8) =     12.59609  eV     1   --> A'             

 **************************************************************************

 **************************************************************************

                    xk=(   0.21213,   0.63640,   0.21213  )

     Band symmetry, C_s (m)     point group:

     e(  1 -  1) =     -2.43223  eV     1   --> A'             
     e(  2 -  2) =     -0.70628  eV     1   --> A'             
     e(  3 -  3) =      1.96157  eV     1   --> A'             
     e(  4 -  4) =      3.98717  eV     1   --> A''            
     e(  5 -  5) =      7.66597  eV     1   --> A'             
     e(  6 -  6) =     11.38977  eV     1   --> A'             
     e(  7 -  7) =     12.61908  eV     1   --> A''            
     e(  8 -  8) =     12.82064  eV     1   --> A'             

 **************************************************************************

 **************************************************************************

                    xk=(   0.20624,   0.64818,   0.20624  )

     Band symmetry, C_s (m)     point group:

     e(  1 -  1) =     -2.35655  eV     1   --> A'             
     e(  2 -  2) =     -0.75352  eV     1   --> A'             
     e(  3 -  3) =      1.91426  eV     1   --> A'             
     e(  4 -  4) =      3.94550  eV     1   --> A''            
     e(  5 -  5) =      7.61408  eV     1   --> A'             
     e(  6 -  6) =     11.21085  eV     1   --> A'             
     e(  7 -  7) =     12.82098  eV     1   --> A''            
     e(  8 -  8) =     13.05752  eV     1   --> A'             

 **************************************************************************

 **************************************************************************

                    xk=(   0.20035,   0.65997,   0.20035  )

     Band symmetry, C_s (m)     point group:

     e(  1 -  1) =     -2.28137  eV     1   --> A'             
     e(  2 -  2) =     -0.80756  eV     1   --> A'             
     e(  3 -  3) =      1.88263  eV     1   --> A'             
     e(  4 -  4) =      3.90618  eV     1   --> A''            
     e(  5 -  5) =      7.56555  eV     1   --> A'             
     e(  6 -  6) =     11.03071  eV     1   --> A'             
     e(  7 -  7) =     13.02006  eV     1   --> A''            
     e(  8 -  8) =     13.30031  eV     1   --> A'             

 **************************************************************************

 **************************************************************************

                    xk=(   0.19445,   0.67175,   0.19445  )

     Band symmetry, C_s (m)     point group:

     e(  1 -  1) =     -2.20834  eV     1   --> A'             
     e(  2 -  2) =     -0.86627  eV     1   --> A'             
     e(  3 -  3) =      1.86621  eV     1   --> A'             
     e(  4 -  4) =      3.86930  eV     1   --> A''            
     e(  5 -  5) =      7.52053  eV     1   --> A'             
     e(  6 -  6) =     10.85181  eV     1   --> A'             
     e(  7 -  7) =     13.21219  eV     1   --> A''            
     e(  8 -  8) =     13.54592  eV     1   --> A'             

 **************************************************************************

 **************************************************************************

                    xk=(   0.18856,   0.68354,   0.18856  )

     Band symmetry, C_s (m)     point group:

     e(  1 -  1) =     -2.13996  eV     1   --> A'             
     e(  2 -  2) =     -0.92632  eV     1   --> A'             
     e(  3 -  3) =      1.86419  eV     1   --> A'             
     e(  4 -  4) =      3.83498  eV     1   --> A''            
     e(  5 -  5) =      7.47914  eV     1   --> A'             
     e(  6 -  6) =     10.67540  eV     1   --> A'             
     e(  7 -  7) =     13.39095  eV     1   --> A''            
     e(  8 -  8) =     13.79154  eV     1   --> A'             

 **************************************************************************

 **************************************************************************

                    xk=(   0.18267,   0.69532,   0.18267  )

     Band symmetry, C_s (m)     point group:

     e(  1 -  1) =     -2.07998  eV     1   --> A'             
     e(  2 -  2) =     -0.98295  eV     1   --> A'             
     e(  3 -  3) =      1.87551  eV     1   --> A'             
     e(  4 -  4) =      3.80328  eV     1   --> A''            
     e(  5 -  5) =      7.44148  eV     1   --> A'             
     e(  6 -  6) =     10.50218  eV     1   --> A'             
     e(  7 -  7) =     13.54701  eV     1   --> A''            
     e(  8 -  8) =     14.03009  eV     1   --> A'             

 **************************************************************************

 **************************************************************************

                    xk=(   0.17678,   0.70711,   0.17678  )

     zone border point and non-symmorphic group 
     symmetry decomposition not available

 **************************************************************************

 **************************************************************************

                    xk=(   0.18267,   0.70711,   0.17088  )

     zone border point and non-symmorphic group 
     symmetry decomposition not available

 **************************************************************************

 **************************************************************************

                    xk=(   0.18856,   0.70711,   0.16499  )

     zone border point and non-symmorphic group 
     symmetry decomposition not available

 **************************************************************************

 **************************************************************************

                    xk=(   0.19445,   0.70711,   0.15910  )

     zone border point and non-symmorphic group 
     symmetry decomposition not available

 **************************************************************************

 **************************************************************************

                    xk=(   0.20035,   0.70711,   0.15321  )

     zone border point and non-symmorphic group 
     symmetry decomposition not available

 **************************************************************************

 **************************************************************************

                    xk=(   0.20624,   0.70711,   0.14731  )

     zone border point and non-symmorphic group 
     symmetry decomposition not available

 **************************************************************************

 **************************************************************************

                    xk=(   0.21213,   0.70711,   0.14142  )

     zone border point and non-symmorphic group 
     symmetry decomposition not available

 **************************************************************************

 **************************************************************************

                    xk=(   0.21802,   0.70711,   0.13553  )

     zone border point and non-symmorphic group 
     symmetry decomposition not available

 **************************************************************************

 **************************************************************************

                    xk=(   0.22392,   0.70711,   0.12964  )

     zone border point and non-symmorphic group 
     symmetry decomposition not available

 **************************************************************************

 **************************************************************************

                    xk=(   0.22981,   0.70711,   0.12374  )

     zone border point and non-symmorphic group 
     symmetry decomposition not available

 **************************************************************************

 **************************************************************************

                    xk=(   0.23570,   0.70711,   0.11785  )

     zone border point and non-symmorphic group 
     symmetry decomposition not available

 **************************************************************************

 **************************************************************************

                    xk=(   0.24159,   0.70711,   0.11196  )

     zone border point and non-symmorphic group 
     symmetry decomposition not available

 **************************************************************************

 **************************************************************************

                    xk=(   0.24749,   0.70711,   0.10607  )

     zone border point and non-symmorphic group 
     symmetry decomposition not available

 **************************************************************************

 **************************************************************************

                    xk=(   0.25338,   0.70711,   0.10017  )

     zone border point and non-symmorphic group 
     symmetry decomposition not available

 **************************************************************************

 **************************************************************************

                    xk=(   0.25927,   0.70711,   0.09428  )

     zone border point and non-symmorphic group 
     symmetry decomposition not available

 **************************************************************************

 **************************************************************************

                    xk=(   0.26517,   0.70711,   0.08839  )

     zone border point and non-symmorphic group 
     symmetry decomposition not available

 **************************************************************************

 **************************************************************************

                    xk=(   0.27106,   0.70711,   0.08250  )

     zone border point and non-symmorphic group 
     symmetry decomposition not available

 **************************************************************************

 **************************************************************************

                    xk=(   0.27695,   0.70711,   0.07660  )

     zone border point and non-symmorphic group 
     symmetry decomposition not available

 **************************************************************************

 **************************************************************************

                    xk=(   0.28284,   0.70711,   0.07071  )

     zone border point and non-symmorphic group 
     symmetry decomposition not available

 **************************************************************************

 **************************************************************************

                    xk=(   0.28874,   0.70711,   0.06482  )

     zone border point and non-symmorphic group 
     symmetry decomposition not available

 **************************************************************************

 **************************************************************************

                    xk=(   0.29463,   0.70711,   0.05893  )

     zone border point and non-symmorphic group 
     symmetry decomposition not available

 **************************************************************************

 **************************************************************************

                    xk=(   0.30052,   0.70711,   0.05303  )

     zone border point and non-symmorphic group 
     symmetry decomposition not available

 **************************************************************************

 **************************************************************************

                    xk=(   0.30641,   0.70711,   0.04714  )

     zone border point and non-symmorphic group 
     symmetry decomposition not available

 **************************************************************************

 **************************************************************************

                    xk=(   0.31231,   0.70711,   0.04125  )

     zone border point and non-symmorphic group 
     symmetry decomposition not available

 **************************************************************************

 **************************************************************************

                    xk=(   0.31820,   0.70711,   0.03536  )

     zone border point and non-symmorphic group 
     symmetry decomposition not available

 **************************************************************************

 **************************************************************************

                    xk=(   0.32409,   0.70711,   0.02946  )

     zone border point and non-symmorphic group 
     symmetry decomposition not available

 **************************************************************************

 **************************************************************************

                    xk=(   0.32998,   0.70711,   0.02357  )

     zone border point and non-symmorphic group 
     symmetry decomposition not available

 **************************************************************************

 **************************************************************************

                    xk=(   0.33588,   0.70711,   0.01768  )

     zone border point and non-symmorphic group 
     symmetry decomposition not available

 **************************************************************************

 **************************************************************************

                    xk=(   0.34177,   0.70711,   0.01179  )

     zone border point and non-symmorphic group 
     symmetry decomposition not available

 **************************************************************************

 **************************************************************************

                    xk=(   0.34766,   0.70711,   0.00589  )

     zone border point and non-symmorphic group 
     symmetry decomposition not available

 **************************************************************************

 **************************************************************************

                    xk=(   0.35355,   0.70711,   0.00000  )

     zone border point and non-symmorphic group 
     symmetry decomposition not available

 **************************************************************************

 **************************************************************************

                    xk=(   0.35355,   0.69532,   0.01179  )

     zone border point and non-symmorphic group 
     symmetry decomposition not available

 **************************************************************************

 **************************************************************************

                    xk=(   0.35355,   0.68354,   0.02357  )

     zone border point and non-symmorphic group 
     symmetry decomposition not available

 **************************************************************************

 **************************************************************************

                    xk=(   0.35355,   0.67175,   0.03536  )

     zone border point and non-symmorphic group 
     symmetry decomposition not available

 **************************************************************************

 **************************************************************************

                    xk=(   0.35355,   0.65997,   0.04714  )

     zone border point and non-symmorphic group 
     symmetry decomposition not available

 **************************************************************************

 **************************************************************************

                    xk=(   0.35355,   0.64818,   0.05893  )

     zone border point and non-symmorphic group 
     symmetry decomposition not available

 **************************************************************************

 **************************************************************************

                    xk=(   0.35355,   0.63640,   0.07071  )

     zone border point and non-symmorphic group 
     symmetry decomposition not available

 **************************************************************************

 **************************************************************************

                    xk=(   0.35355,   0.62461,   0.08250  )

     zone border point and non-symmorphic group 
     symmetry decomposition not available

 **************************************************************************

 **************************************************************************

                    xk=(   0.35355,   0.61283,   0.09428  )

     zone border point and non-symmorphic group 
     symmetry decomposition not available

 **************************************************************************

 **************************************************************************

                    xk=(   0.35355,   0.60104,   0.10607  )

     zone border point and non-symmorphic group 
     symmetry decomposition not available

 **************************************************************************

 **************************************************************************

                    xk=(   0.35355,   0.58926,   0.11785  )

     zone border point and non-symmorphic group 
     symmetry decomposition not available

 **************************************************************************

 **************************************************************************

                    xk=(   0.35355,   0.57747,   0.12964  )

     zone border point and non-symmorphic group 
     symmetry decomposition not available

 **************************************************************************

 **************************************************************************

                    xk=(   0.35355,   0.56569,   0.14142  )

     zone border point and non-symmorphic group 
     symmetry decomposition not available

 **************************************************************************

 **************************************************************************

                    xk=(   0.35355,   0.55390,   0.15321  )

     zone border point and non-symmorphic group 
     symmetry decomposition not available

 **************************************************************************

 **************************************************************************

                    xk=(   0.35355,   0.54212,   0.16499  )

     zone border point and non-symmorphic group 
     symmetry decomposition not available

 **************************************************************************

 **************************************************************************

                    xk=(   0.35355,   0.53033,   0.17678  )

     zone border point and non-symmorphic group 
     symmetry decomposition not available

 **************************************************************************

 **************************************************************************

                    xk=(   0.35355,   0.51854,   0.18856  )

     zone border point and non-symmorphic group 
     symmetry decomposition not available

 **************************************************************************

 **************************************************************************

                    xk=(   0.35355,   0.50676,   0.20035  )

     zone border point and non-symmorphic group 
     symmetry decomposition not available

 **************************************************************************

 **************************************************************************

                    xk=(   0.35355,   0.49497,   0.21213  )

     zone border point and non-symmorphic group 
     symmetry decomposition not available

 **************************************************************************

 **************************************************************************

                    xk=(   0.35355,   0.48319,   0.22392  )

     zone border point and non-symmorphic group 
     symmetry decomposition not available

 **************************************************************************

 **************************************************************************

                    xk=(   0.35355,   0.47140,   0.23570  )

     zone border point and non-symmorphic group 
     symmetry decomposition not available

 **************************************************************************

 **************************************************************************

                    xk=(   0.35355,   0.45962,   0.24749  )

     zone border point and non-symmorphic group 
     symmetry decomposition not available

 **************************************************************************

 **************************************************************************

                    xk=(   0.35355,   0.44783,   0.25927  )

     zone border point and non-symmorphic group 
     symmetry decomposition not available

 **************************************************************************

 **************************************************************************

                    xk=(   0.35355,   0.43605,   0.27106  )

     zone border point and non-symmorphic group 
     symmetry decomposition not available

 **************************************************************************

 **************************************************************************

                    xk=(   0.35355,   0.42426,   0.28284  )

     zone border point and non-symmorphic group 
     symmetry decomposition not available

 **************************************************************************

 **************************************************************************

                    xk=(   0.35355,   0.41248,   0.29463  )

     zone border point and non-symmorphic group 
     symmetry decomposition not available

 **************************************************************************

 **************************************************************************

                    xk=(   0.35355,   0.40069,   0.30641  )

     zone border point and non-symmorphic group 
     symmetry decomposition not available

 **************************************************************************

 **************************************************************************

                    xk=(   0.35355,   0.38891,   0.31820  )

     zone border point and non-symmorphic group 
     symmetry decomposition not available

 **************************************************************************

 **************************************************************************

                    xk=(   0.35355,   0.37712,   0.32998  )

     zone border point and non-symmorphic group 
     symmetry decomposition not available

 **************************************************************************

 **************************************************************************

                    xk=(   0.35355,   0.36534,   0.34177  )

     zone border point and non-symmorphic group 
     symmetry decomposition not available

 **************************************************************************

 **************************************************************************

                    xk=(   0.35355,   0.35355,   0.35355  )

     zone border point and non-symmorphic group 
     symmetry decomposition not available

 **************************************************************************

 **************************************************************************

                    xk=(   0.35945,   0.35945,   0.34177  )

     point group C_s (m)    
     there are  2 classes
     the character table:

       E     s    
A'     1.00  1.00
A''    1.00 -1.00

     the symmetry operations in each class and the name of the first element:

     E        1
                                                                 
     s        2
                                                                 

     Band symmetry, C_s (m)     point group:

     e(  1 -  1) =     -3.43080  eV     1   --> A'             
     e(  2 -  2) =     -0.76988  eV     1   --> A'             
     e(  3 -  3) =      4.98296  eV     1   --> A'             
     e(  4 -  4) =      4.99722  eV     1   --> A''            
     e(  5 -  5) =      7.75266  eV     1   --> A'             
     e(  6 -  6) =      9.53865  eV     1   --> A'             
     e(  7 -  7) =      9.54898  eV     1   --> A''            
     e(  8 -  8) =     13.95055  eV     1   --> A'             

 **************************************************************************

 **************************************************************************

                    xk=(   0.36534,   0.36534,   0.32998  )

     Band symmetry, C_s (m)     point group:

     e(  1 -  1) =     -3.42532  eV     1   --> A'             
     e(  2 -  2) =     -0.76699  eV     1   --> A'             
     e(  3 -  3) =      4.93134  eV     1   --> A'             
     e(  4 -  4) =      4.98702  eV     1   --> A''            
     e(  5 -  5) =      7.80025  eV     1   --> A'             
     e(  6 -  6) =      9.52958  eV     1   --> A'             
     e(  7 -  7) =      9.57028  eV     1   --> A''            
     e(  8 -  8) =     13.97527  eV     1   --> A'             

 **************************************************************************

 **************************************************************************

                    xk=(   0.37123,   0.37123,   0.31820  )

     Band symmetry, C_s (m)     point group:

     e(  1 -  1) =     -3.41620  eV     1   --> A'             
     e(  2 -  2) =     -0.76220  eV     1   --> A'             
     e(  3 -  3) =      4.84957  eV     1   --> A'             
     e(  4 -  4) =      4.97026  eV     1   --> A''            
     e(  5 -  5) =      7.87422  eV     1   --> A'             
     e(  6 -  6) =      9.51625  eV     1   --> A'             
     e(  7 -  7) =      9.60555  eV     1   --> A''            
     e(  8 -  8) =     14.01486  eV     1   --> A'             

 **************************************************************************

 **************************************************************************

                    xk=(   0.37712,   0.37712,   0.30641  )

     Band symmetry, C_s (m)     point group:

     e(  1 -  1) =     -3.40345  eV     1   --> A'             
     e(  2 -  2) =     -0.75558  eV     1   --> A'             
     e(  3 -  3) =      4.74268  eV     1   --> A'             
     e(  4 -  4) =      4.94728  eV     1   --> A''            
     e(  5 -  5) =      7.96765  eV     1   --> A'             
     e(  6 -  6) =      9.50148  eV     1   --> A'             
     e(  7 -  7) =      9.65442  eV     1   --> A''            
     e(  8 -  8) =     14.06677  eV     1   --> A'             

 **************************************************************************

 **************************************************************************

                    xk=(   0.38302,   0.38302,   0.29463  )

     Band symmetry, C_s (m)     point group:

     e(  1 -  1) =     -3.38705  eV     1   --> A'             
     e(  2 -  2) =     -0.74722  eV     1   --> A'             
     e(  3 -  3) =      4.61596  eV     1   --> A'             
     e(  4 -  4) =      4.91854  eV     1   --> A''            
     e(  5 -  5) =      8.07222  eV     1   --> A'             
     e(  6 -  6) =      9.48960  eV     1   --> A'             
     e(  7 -  7) =      9.71645  eV     1   --> A''            
     e(  8 -  8) =     14.12710  eV     1   --> A'             

 **************************************************************************

 **************************************************************************

                    xk=(   0.38891,   0.38891,   0.28284  )

     Band symmetry, C_s (m)     point group:

     e(  1 -  1) =     -3.36704  eV     1   --> A'             
     e(  2 -  2) =     -0.73722  eV     1   --> A'             
     e(  3 -  3) =      4.47416  eV     1   --> A'             
     e(  4 -  4) =      4.88455  eV     1   --> A''            
     e(  5 -  5) =      8.17845  eV     1   --> A'             
     e(  6 -  6) =      9.48673  eV     1   --> A'             
     e(  7 -  7) =      9.79108  eV     1   --> A''            
     e(  8 -  8) =     14.18997  eV     1   --> A'             

 **************************************************************************

 **************************************************************************

                    xk=(   0.39480,   0.39480,   0.27106  )

     Band symmetry, C_s (m)     point group:

     e(  1 -  1) =     -3.34342  eV     1   --> A'             
     e(  2 -  2) =     -0.72573  eV     1   --> A'             
     e(  3 -  3) =      4.32130  eV     1   --> A'             
     e(  4 -  4) =      4.84592  eV     1   --> A''            
     e(  5 -  5) =      8.27580  eV     1   --> A'             
     e(  6 -  6) =      9.50090  eV     1   --> A'             
     e(  7 -  7) =      9.87773  eV     1   --> A''            
     e(  8 -  8) =     14.24624  eV     1   --> A'             

 **************************************************************************

 **************************************************************************

                    xk=(   0.40069,   0.40069,   0.25927  )

     Band symmetry, C_s (m)     point group:

     e(  1 -  1) =     -3.31621  eV     1   --> A'             
     e(  2 -  2) =     -0.71293  eV     1   --> A'             
     e(  3 -  3) =      4.16068  eV     1   --> A'             
     e(  4 -  4) =      4.80325  eV     1   --> A''            
     e(  5 -  5) =      8.35357  eV     1   --> A'             
     e(  6 -  6) =      9.54102  eV     1   --> A'             
     e(  7 -  7) =      9.97575  eV     1   --> A''            
     e(  8 -  8) =     14.28136  eV     1   --> A'             

 **************************************************************************

 **************************************************************************

                    xk=(   0.40659,   0.40659,   0.24749  )

     Band symmetry, C_s (m)     point group:

     e(  1 -  1) =     -3.28542  eV     1   --> A'             
     e(  2 -  2) =     -0.69903  eV     1   --> A'             
     e(  3 -  3) =      3.99494  eV     1   --> A'             
     e(  4 -  4) =      4.75715  eV     1   --> A''            
     e(  5 -  5) =      8.40355  eV     1   --> A'             
     e(  6 -  6) =      9.61420  eV     1   --> A'             
     e(  7 -  7) =     10.08451  eV     1   --> A''            
     e(  8 -  8) =     14.27437  eV     1   --> A'             

 **************************************************************************

 **************************************************************************

                    xk=(   0.41248,   0.41248,   0.23570  )

     Band symmetry, C_s (m)     point group:

     e(  1 -  1) =     -3.25108  eV     1   --> A'             
     e(  2 -  2) =     -0.68431  eV     1   --> A'             
     e(  3 -  3) =      3.82625  eV     1   --> A'             
     e(  4 -  4) =      4.70825  eV     1   --> A''            
     e(  5 -  5) =      8.42308  eV     1   --> A'             
     e(  6 -  6) =      9.72236  eV     1   --> A'             
     e(  7 -  7) =     10.20337  eV     1   --> A''            
     e(  8 -  8) =     14.20660  eV     1   --> A'             

 **************************************************************************

 **************************************************************************

                    xk=(   0.41837,   0.41837,   0.22392  )

     Band symmetry, C_s (m)     point group:

     e(  1 -  1) =     -3.21322  eV     1   --> A'             
     e(  2 -  2) =     -0.66908  eV     1   --> A'             
     e(  3 -  3) =      3.65640  eV     1   --> A'             
     e(  4 -  4) =      4.65711  eV     1   --> A''            
     e(  5 -  5) =      8.41537  eV     1   --> A'             
     e(  6 -  6) =      9.86191  eV     1   --> A'             
     e(  7 -  7) =     10.33171  eV     1   --> A''            
     e(  8 -  8) =     14.07960  eV     1   --> A'             

 **************************************************************************

 **************************************************************************

                    xk=(   0.42426,   0.42426,   0.21213  )

     Band symmetry, C_s (m)     point group:

     e(  1 -  1) =     -3.17186  eV     1   --> A'             
     e(  2 -  2) =     -0.65372  eV     1   --> A'             
     e(  3 -  3) =      3.48693  eV     1   --> A'             
     e(  4 -  4) =      4.60431  eV     1   --> A''            
     e(  5 -  5) =      8.38655  eV     1   --> A'             
     e(  6 -  6) =     10.02646  eV     1   --> A'             
     e(  7 -  7) =     10.46894  eV     1   --> A''            
     e(  8 -  8) =     13.91243  eV     1   --> A'             

 **************************************************************************

 **************************************************************************

                    xk=(   0.43016,   0.43016,   0.20035  )

     Band symmetry, C_s (m)     point group:

     e(  1 -  1) =     -3.12706  eV     1   --> A'             
     e(  2 -  2) =     -0.63869  eV     1   --> A'             
     e(  3 -  3) =      3.31925  eV     1   --> A'             
     e(  4 -  4) =      4.55034  eV     1   --> A''            
     e(  5 -  5) =      8.34281  eV     1   --> A'             
     e(  6 -  6) =     10.20969  eV     1   --> A'             
     e(  7 -  7) =     10.61449  eV     1   --> A''            
     e(  8 -  8) =     13.72323  eV     1   --> A'             

 **************************************************************************

 **************************************************************************

                    xk=(   0.43605,   0.43605,   0.18856  )

     Band symmetry, C_s (m)     point group:

     e(  1 -  1) =     -3.07884  eV     1   --> A'             
     e(  2 -  2) =     -0.62453  eV     1   --> A'             
     e(  3 -  3) =      3.15464  eV     1   --> A'             
     e(  4 -  4) =      4.49568  eV     1   --> A''            
     e(  5 -  5) =      8.28909  eV     1   --> A'             
     e(  6 -  6) =     10.40651  eV     1   --> A'             
     e(  7 -  7) =     10.76784  eV     1   --> A''            
     e(  8 -  8) =     13.52314  eV     1   --> A'             

 **************************************************************************

 **************************************************************************

                    xk=(   0.44194,   0.44194,   0.17678  )

     Band symmetry, C_s (m)     point group:

     e(  1 -  1) =     -3.02728  eV     1   --> A'             
     e(  2 -  2) =     -0.61185  eV     1   --> A'             
     e(  3 -  3) =      2.99435  eV     1   --> A'             
     e(  4 -  4) =      4.44075  eV     1   --> A''            
     e(  5 -  5) =      8.22902  eV     1   --> A'             
     e(  6 -  6) =     10.61309  eV     1   --> A'             
     e(  7 -  7) =     10.92847  eV     1   --> A''            
     e(  8 -  8) =     13.31840  eV     1   --> A'             

 **************************************************************************

 **************************************************************************

                    xk=(   0.44783,   0.44783,   0.16499  )

     Band symmetry, C_s (m)     point group:

     e(  1 -  1) =     -2.97244  eV     1   --> A'             
     e(  2 -  2) =     -0.60139  eV     1   --> A'             
     e(  3 -  3) =      2.83964  eV     1   --> A'             
     e(  4 -  4) =      4.38595  eV     1   --> A''            
     e(  5 -  5) =      8.16517  eV     1   --> A'             
     e(  6 -  6) =     10.82643  eV     1   --> A'             
     e(  7 -  7) =     11.09591  eV     1   --> A''            
     e(  8 -  8) =     13.11284  eV     1   --> A'             

 **************************************************************************

 **************************************************************************

                    xk=(   0.45373,   0.45373,   0.15321  )

     Band symmetry, C_s (m)     point group:

     e(  1 -  1) =     -2.91440  eV     1   --> A'             
     e(  2 -  2) =     -0.59398  eV     1   --> A'             
     e(  3 -  3) =      2.69179  eV     1   --> A'             
     e(  4 -  4) =      4.33162  eV     1   --> A''            
     e(  5 -  5) =      8.09941  eV     1   --> A'             
     e(  6 -  6) =     11.04374  eV     1   --> A'             
     e(  7 -  7) =     11.26969  eV     1   --> A''            
     e(  8 -  8) =     12.90937  eV     1   --> A'             

 **************************************************************************

 **************************************************************************

                    xk=(   0.45962,   0.45962,   0.14142  )

     Band symmetry, C_s (m)     point group:

     e(  1 -  1) =     -2.85326  eV     1   --> A'             
     e(  2 -  2) =     -0.59053  eV     1   --> A'             
     e(  3 -  3) =      2.55214  eV     1   --> A'             
     e(  4 -  4) =      4.27809  eV     1   --> A''            
     e(  5 -  5) =      8.03308  eV     1   --> A'             
     e(  6 -  6) =     11.26157  eV     1   --> A'             
     e(  7 -  7) =     11.44934  eV     1   --> A''            
     e(  8 -  8) =     12.71140  eV     1   --> A'             

 **************************************************************************

 **************************************************************************

                    xk=(   0.46551,   0.46551,   0.12964  )

     Band symmetry, C_s (m)     point group:

     e(  1 -  1) =     -2.78916  eV     1   --> A'             
     e(  2 -  2) =     -0.59205  eV     1   --> A'             
     e(  3 -  3) =      2.42207  eV     1   --> A'             
     e(  4 -  4) =      4.22562  eV     1   --> A''            
     e(  5 -  5) =      7.96720  eV     1   --> A'             
     e(  6 -  6) =     11.47333  eV     1   --> A'             
     e(  7 -  7) =     11.63438  eV     1   --> A''            
     e(  8 -  8) =     12.52537  eV     1   --> A'             

 **************************************************************************

 **************************************************************************

                    xk=(   0.47140,   0.47140,   0.11785  )

     Band symmetry, C_s (m)     point group:

     e(  1 -  1) =     -2.72226  eV     1   --> A'             
     e(  2 -  2) =     -0.59957  eV     1   --> A'             
     e(  3 -  3) =      2.30298  eV     1   --> A'             
     e(  4 -  4) =      4.17447  eV     1   --> A''            
     e(  5 -  5) =      7.90252  eV     1   --> A'             
     e(  6 -  6) =     11.66029  eV     1   --> A'             
     e(  7 -  7) =     11.82431  eV     1   --> A''            
     e(  8 -  8) =     12.36985  eV     1   --> A'             

 **************************************************************************

 **************************************************************************

                    xk=(   0.47730,   0.47730,   0.10607  )

     Band symmetry, C_s (m)     point group:

     e(  1 -  1) =     -2.65278  eV     1   --> A'             
     e(  2 -  2) =     -0.61407  eV     1   --> A'             
     e(  3 -  3) =      2.19624  eV     1   --> A'             
     e(  4 -  4) =      4.12486  eV     1   --> A''            
     e(  5 -  5) =      7.83964  eV     1   --> A'             
     e(  6 -  6) =     11.76149  eV     1   --> A'             
     e(  7 -  7) =     12.01854  eV     1   --> A''            
     e(  8 -  8) =     12.30569  eV     1   --> A'             

 **************************************************************************

 **************************************************************************

                    xk=(   0.48319,   0.48319,   0.09428  )

     Band symmetry, C_s (m)     point group:

     e(  1 -  1) =     -2.58099  eV     1   --> A'             
     e(  2 -  2) =     -0.63639  eV     1   --> A'             
     e(  3 -  3) =      2.10311  eV     1   --> A'             
     e(  4 -  4) =      4.07699  eV     1   --> A''            
     e(  5 -  5) =      7.77902  eV     1   --> A'             
     e(  6 -  6) =     11.70635  eV     1   --> A'             
     e(  7 -  7) =     12.21639  eV     1   --> A''            
     e(  8 -  8) =     12.40330  eV     1   --> A'             

 **************************************************************************

 **************************************************************************

                    xk=(   0.48908,   0.48908,   0.08250  )

     Band symmetry, C_s (m)     point group:

     e(  1 -  1) =     -2.50730  eV     1   --> A'             
     e(  2 -  2) =     -0.66708  eV     1   --> A'             
     e(  3 -  3) =      2.02463  eV     1   --> A'             
     e(  4 -  4) =      4.03104  eV     1   --> A''            
     e(  5 -  5) =      7.72103  eV     1   --> A'             
     e(  6 -  6) =     11.56135  eV     1   --> A'             
     e(  7 -  7) =     12.41697  eV     1   --> A''            
     e(  8 -  8) =     12.59609  eV     1   --> A'             

 **************************************************************************

 **************************************************************************

                    xk=(   0.49497,   0.49497,   0.07071  )

     Band symmetry, C_s (m)     point group:

     e(  1 -  1) =     -2.43223  eV     1   --> A'             
     e(  2 -  2) =     -0.70628  eV     1   --> A'             
     e(  3 -  3) =      1.96157  eV     1   --> A'             
     e(  4 -  4) =      3.98717  eV     1   --> A''            
     e(  5 -  5) =      7.66597  eV     1   --> A'             
     e(  6 -  6) =     11.38977  eV     1   --> A'             
     e(  7 -  7) =     12.61908  eV     1   --> A''            
     e(  8 -  8) =     12.82064  eV     1   --> A'             

 **************************************************************************

 **************************************************************************

                    xk=(   0.50087,   0.50087,   0.05893  )

     Band symmetry, C_s (m)     point group:

     e(  1 -  1) =     -2.35655  eV     1   --> A'             
     e(  2 -  2) =     -0.75352  eV     1   --> A'             
     e(  3 -  3) =      1.91426  eV     1   --> A'             
     e(  4 -  4) =      3.94550  eV     1   --> A''            
     e(  5 -  5) =      7.61408  eV     1   --> A'             
     e(  6 -  6) =     11.21085  eV     1   --> A'             
     e(  7 -  7) =     12.82098  eV     1   --> A''            
     e(  8 -  8) =     13.05752  eV     1   --> A'             

 **************************************************************************

 **************************************************************************

                    xk=(   0.50676,   0.50676,   0.04714  )

     Band symmetry, C_s (m)     point group:

     e(  1 -  1) =     -2.28137  eV     1   --> A'             
     e(  2 -  2) =     -0.80756  eV     1   --> A'             
     e(  3 -  3) =      1.88263  eV     1   --> A'             
     e(  4 -  4) =      3.90618  eV     1   --> A''            
     e(  5 -  5) =      7.56555  eV     1   --> A'             
     e(  6 -  6) =     11.03071  eV     1   --> A'             
     e(  7 -  7) =     13.02006  eV     1   --> A''            
     e(  8 -  8) =     13.30031  eV     1   --> A'             

 **************************************************************************

 **************************************************************************

                    xk=(   0.51265,   0.51265,   0.03536  )

     Band symmetry, C_s (m)     point group:

     e(  1 -  1) =     -2.20834  eV     1   --> A'             
     e(  2 -  2) =     -0.86627  eV     1   --> A'             
     e(  3 -  3) =      1.86621  eV     1   --> A'             
     e(  4 -  4) =      3.86930  eV     1   --> A''            
     e(  5 -  5) =      7.52053  eV     1   --> A'             
     e(  6 -  6) =     10.85181  eV     1   --> A'             
     e(  7 -  7) =     13.21219  eV     1   --> A''            
     e(  8 -  8) =     13.54592  eV     1   --> A'             

 **************************************************************************

 **************************************************************************

                    xk=(   0.51854,   0.51854,   0.02357  )

     Band symmetry, C_s (m)     point group:

     e(  1 -  1) =     -2.13996  eV     1   --> A'             
     e(  2 -  2) =     -0.92632  eV     1   --> A'             
     e(  3 -  3) =      1.86419  eV     1   --> A'             
     e(  4 -  4) =      3.83498  eV     1   --> A''            
     e(  5 -  5) =      7.47914  eV     1   --> A'             
     e(  6 -  6) =     10.67540  eV     1   --> A'             
     e(  7 -  7) =     13.39095  eV     1   --> A''            
     e(  8 -  8) =     13.79154  eV     1   --> A'             

 **************************************************************************

 **************************************************************************

                    xk=(   0.52444,   0.52444,   0.01179  )

     Band symmetry, C_s (m)     point group:

     e(  1 -  1) =     -2.07998  eV     1   --> A'             
     e(  2 -  2) =     -0.98295  eV     1   --> A'             
     e(  3 -  3) =      1.87551  eV     1   --> A'             
     e(  4 -  4) =      3.80328  eV     1   --> A''            
     e(  5 -  5) =      7.44148  eV     1   --> A'             
     e(  6 -  6) =     10.50218  eV     1   --> A'             
     e(  7 -  7) =     13.54701  eV     1   --> A''            
     e(  8 -  8) =     14.03009  eV     1   --> A'             

 **************************************************************************

 **************************************************************************

                    xk=(   0.53033,   0.53033,   0.00000  )

     point group C_2v (mm2) 
     there are  4 classes
     the character table:

       E     C2    s_v   s_v' 
A_1    1.00  1.00  1.00  1.00
A_2    1.00  1.00 -1.00 -1.00
B_1    1.00 -1.00  1.00 -1.00
B_2    1.00 -1.00 -1.00  1.00

     the symmetry operations in each class and the name of the first element:

     E        1
                                                                 
     C2       2
                                                                 
     s_v      3
                                                                 
     s_v'     4
                                                                 

     Band symmetry, C_2v (mm2)  point group:

     e(  1 -  1) =     -2.03371  eV     1   --> A_1  D_1  S_1  
     e(  2 -  2) =     -1.02967  eV     1   --> B_2  D_4  S_4  
     e(  3 -  3) =      1.89899  eV     1   --> A_1  D_1  S_1  
     e(  4 -  4) =      3.77430  eV     1   --> A_2  D_2  S_2  
     e(  5 -  5) =      7.40760  eV     1   --> B_2  D_4  S_4  
     e(  6 -  6) =     10.33265  eV     1   --> A_1  D_1  S_1  
     e(  7 -  7) =     13.66969  eV     1   --> B_1  D_3  S_3  
     e(  8 -  8) =     14.21546  eV     1   --> A_1  D_1  S_1  

 **************************************************************************

 **************************************************************************

                    xk=(   0.51854,   0.53622,   0.00589  )

     point group C_1 (1)    
     there are  1 classes
     the character table:

       E    
A      1.00

     the symmetry operations in each class and the name of the first element:

     E        1
                                                                 

     Band symmetry, C_1 (1)     point group:

     e(  1 -  1) =     -2.05329  eV     1   --> A              
     e(  2 -  2) =     -1.00859  eV     1   --> A              
     e(  3 -  3) =      1.88696  eV     1   --> A              
     e(  4 -  4) =      3.77924  eV     1   --> A              
     e(  5 -  5) =      7.43771  eV     1   --> A              
     e(  6 -  6) =     10.41787  eV     1   --> A              
     e(  7 -  7) =     13.56977  eV     1   --> A              
     e(  8 -  8) =     14.17106  eV     1   --> A              

 **************************************************************************

 **************************************************************************

                    xk=(   0.50676,   0.54212,   0.01179  )

     Band symmetry, C_1 (1)     point group:

     e(  1 -  1) =     -2.07422  eV     1   --> A              
     e(  2 -  2) =     -0.98523  eV     1   --> A              
     e(  3 -  3) =      1.88011  eV     1   --> A              
     e(  4 -  4) =      3.76696  eV     1   --> A              
     e(  5 -  5) =      7.49557  eV     1   --> A              
     e(  6 -  6) =     10.50582  eV     1   --> A              
     e(  7 -  7) =     13.39356  eV     1   --> A              
     e(  8 -  8) =     14.05606  eV     1   --> A              

 **************************************************************************

 **************************************************************************

                    xk=(   0.49497,   0.54801,   0.01768  )

     Band symmetry, C_1 (1)     point group:

     e(  1 -  1) =     -2.09578  eV     1   --> A              
     e(  2 -  2) =     -0.96051  eV     1   --> A              
     e(  3 -  3) =      1.87849  eV     1   --> A              
     e(  4 -  4) =      3.73894  eV     1   --> A              
     e(  5 -  5) =      7.57976  eV     1   --> A              
     e(  6 -  6) =     10.59618  eV     1   --> A              
     e(  7 -  7) =     13.17266  eV     1   --> A              
     e(  8 -  8) =     13.88303  eV     1   --> A              

 **************************************************************************

 **************************************************************************

                    xk=(   0.48319,   0.55390,   0.02357  )

     Band symmetry, C_1 (1)     point group:

     e(  1 -  1) =     -2.11732  eV     1   --> A              
     e(  2 -  2) =     -0.93526  eV     1   --> A              
     e(  3 -  3) =      1.88206  eV     1   --> A              
     e(  4 -  4) =      3.69734  eV     1   --> A              
     e(  5 -  5) =      7.68829  eV     1   --> A              
     e(  6 -  6) =     10.68844  eV     1   --> A              
     e(  7 -  7) =     12.92747  eV     1   --> A              
     e(  8 -  8) =     13.71094  eV     1   --> A              

 **************************************************************************

 **************************************************************************

                    xk=(   0.47140,   0.55979,   0.02946  )

     Band symmetry, C_1 (1)     point group:

     e(  1 -  1) =     -2.13831  eV     1   --> A              
     e(  2 -  2) =     -0.91021  eV     1   --> A              
     e(  3 -  3) =      1.89067  eV     1   --> A              
     e(  4 -  4) =      3.64477  eV     1   --> A              
     e(  5 -  5) =      7.81877  eV     1   --> A              
     e(  6 -  6) =     10.78175  eV     1   --> A              
     e(  7 -  7) =     12.67009  eV     1   --> A              
     e(  8 -  8) =     13.54551  eV     1   --> A              

 **************************************************************************

 **************************************************************************

                    xk=(   0.45962,   0.56569,   0.03536  )

     Band symmetry, C_1 (1)     point group:

     e(  1 -  1) =     -2.15832  eV     1   --> A              
     e(  2 -  2) =     -0.88599  eV     1   --> A              
     e(  3 -  3) =      1.90404  eV     1   --> A              
     e(  4 -  4) =      3.58402  eV     1   --> A              
     e(  5 -  5) =      7.96874  eV     1   --> A              
     e(  6 -  6) =     10.87451  eV     1   --> A              
     e(  7 -  7) =     12.40861  eV     1   --> A              
     e(  8 -  8) =     13.38605  eV     1   --> A              

 **************************************************************************

 **************************************************************************

                    xk=(   0.44783,   0.57158,   0.04125  )

     Band symmetry, C_1 (1)     point group:

     e(  1 -  1) =     -2.17699  eV     1   --> A              
     e(  2 -  2) =     -0.86312  eV     1   --> A              
     e(  3 -  3) =      1.92171  eV     1   --> A              
     e(  4 -  4) =      3.51794  eV     1   --> A              
     e(  5 -  5) =      8.13580  eV     1   --> A              
     e(  6 -  6) =     10.96333  eV     1   --> A              
     e(  7 -  7) =     12.15026  eV     1   --> A              
     e(  8 -  8) =     13.23158  eV     1   --> A              

 **************************************************************************

 **************************************************************************

                    xk=(   0.43605,   0.57747,   0.04714  )

     Band symmetry, C_1 (1)     point group:

     e(  1 -  1) =     -2.19402  eV     1   --> A              
     e(  2 -  2) =     -0.84205  eV     1   --> A              
     e(  3 -  3) =      1.94301  eV     1   --> A              
     e(  4 -  4) =      3.44936  eV     1   --> A              
     e(  5 -  5) =      8.31772  eV     1   --> A              
     e(  6 -  6) =     11.03975  eV     1   --> A              
     e(  7 -  7) =     11.90582  eV     1   --> A              
     e(  8 -  8) =     13.08155  eV     1   --> A              

 **************************************************************************

 **************************************************************************

                    xk=(   0.42426,   0.58336,   0.05303  )

     Band symmetry, C_1 (1)     point group:

     e(  1 -  1) =     -2.20918  eV     1   --> A              
     e(  2 -  2) =     -0.82316  eV     1   --> A              
     e(  3 -  3) =      1.96700  eV     1   --> A              
     e(  4 -  4) =      3.38104  eV     1   --> A              
     e(  5 -  5) =      8.51251  eV     1   --> A              
     e(  6 -  6) =     11.07931  eV     1   --> A              
     e(  7 -  7) =     11.70108  eV     1   --> A              
     e(  8 -  8) =     12.93583  eV     1   --> A              

 **************************************************************************

 **************************************************************************

                    xk=(   0.41248,   0.58926,   0.05893  )

     Band symmetry, C_1 (1)     point group:

     e(  1 -  1) =     -2.22229  eV     1   --> A              
     e(  2 -  2) =     -0.80673  eV     1   --> A              
     e(  3 -  3) =      1.99242  eV     1   --> A              
     e(  4 -  4) =      3.31577  eV     1   --> A              
     e(  5 -  5) =      8.71833  eV     1   --> A              
     e(  6 -  6) =     11.02601  eV     1   --> A              
     e(  7 -  7) =     11.59273  eV     1   --> A              
     e(  8 -  8) =     12.79480  eV     1   --> A              

 **************************************************************************

 **************************************************************************

                    xk=(   0.40069,   0.59515,   0.06482  )

     Band symmetry, C_1 (1)     point group:

     e(  1 -  1) =     -2.23319  eV     1   --> A              
     e(  2 -  2) =     -0.79301  eV     1   --> A              
     e(  3 -  3) =      2.01765  eV     1   --> A              
     e(  4 -  4) =      3.25640  eV     1   --> A              
     e(  5 -  5) =      8.93342  eV     1   --> A              
     e(  6 -  6) =     10.85949  eV     1   --> A              
     e(  7 -  7) =     11.60121  eV     1   --> A              
     e(  8 -  8) =     12.65944  eV     1   --> A              

 **************************************************************************

 **************************************************************************

                    xk=(   0.38891,   0.60104,   0.07071  )

     Band symmetry, C_1 (1)     point group:

     e(  1 -  1) =     -2.24178  eV     1   --> A              
     e(  2 -  2) =     -0.78217  eV     1   --> A              
     e(  3 -  3) =      2.04074  eV     1   --> A              
     e(  4 -  4) =      3.20583  eV     1   --> A              
     e(  5 -  5) =      9.15582  eV     1   --> A              
     e(  6 -  6) =     10.63781  eV     1   --> A              
     e(  7 -  7) =     11.66763  eV     1   --> A              
     e(  8 -  8) =     12.53197  eV     1   --> A              

 **************************************************************************

 **************************************************************************

                    xk=(   0.37712,   0.60693,   0.07660  )

     Band symmetry, C_1 (1)     point group:

     e(  1 -  1) =     -2.24798  eV     1   --> A              
     e(  2 -  2) =     -0.77434  eV     1   --> A              
     e(  3 -  3) =      2.05951  eV     1   --> A              
     e(  4 -  4) =      3.16695  eV     1   --> A              
     e(  5 -  5) =      9.38247  eV     1   --> A              
     e(  6 -  6) =     10.40095  eV     1   --> A              
     e(  7 -  7) =     11.74953  eV     1   --> A              
     e(  8 -  8) =     12.41750  eV     1   --> A              

 **************************************************************************

 **************************************************************************

                    xk=(   0.36534,   0.61283,   0.08250  )

     Band symmetry, C_1 (1)     point group:

     e(  1 -  1) =     -2.25172  eV     1   --> A              
     e(  2 -  2) =     -0.76961  eV     1   --> A              
     e(  3 -  3) =      2.07184  eV     1   --> A              
     e(  4 -  4) =      3.14237  eV     1   --> A              
     e(  5 -  5) =      9.60408  eV     1   --> A              
     e(  6 -  6) =     10.17062  eV     1   --> A              
     e(  7 -  7) =     11.82161  eV     1   --> A              
     e(  8 -  8) =     12.32860  eV     1   --> A              

 **************************************************************************

 **************************************************************************

                    xk=(   0.35355,   0.61872,   0.08839  )

     zone border point and non-symmorphic group 
     symmetry decomposition not available

 **************************************************************************

 **************************************************************************

                    xk=(   0.34177,   0.62461,   0.09428  )

     point group C_1 (1)    
     there are  1 classes
     the character table:

       E    
A      1.00

     the symmetry operations in each class and the name of the first element:

     E        1
                                                                 

     Band symmetry, C_1 (1)     point group:

     e(  1 -  1) =     -2.25172  eV     1   --> A              
     e(  2 -  2) =     -0.76961  eV     1   --> A              
     e(  3 -  3) =      2.07184  eV     1   --> A              
     e(  4 -  4) =      3.14237  eV     1   --> A              
     e(  5 -  5) =      9.60408  eV     1   --> A              
     e(  6 -  6) =     10.17062  eV     1   --> A              
     e(  7 -  7) =     11.82161  eV     1   --> A              
     e(  8 -  8) =     12.32860  eV     1   --> A              

 **************************************************************************

 **************************************************************************

                    xk=(   0.32998,   0.63050,   0.10017  )

     Band symmetry, C_1 (1)     point group:

     e(  1 -  1) =     -2.24798  eV     1   --> A              
     e(  2 -  2) =     -0.77434  eV     1   --> A              
     e(  3 -  3) =      2.05951  eV     1   --> A              
     e(  4 -  4) =      3.16695  eV     1   --> A              
     e(  5 -  5) =      9.38247  eV     1   --> A              
     e(  6 -  6) =     10.40095  eV     1   --> A              
     e(  7 -  7) =     11.74953  eV     1   --> A              
     e(  8 -  8) =     12.41750  eV     1   --> A              

 **************************************************************************

 **************************************************************************

                    xk=(   0.31820,   0.63640,   0.10607  )

     Band symmetry, C_1 (1)     point group:

     e(  1 -  1) =     -2.24178  eV     1   --> A              
     e(  2 -  2) =     -0.78217  eV     1   --> A              
     e(  3 -  3) =      2.04074  eV     1   --> A              
     e(  4 -  4) =      3.20583  eV     1   --> A              
     e(  5 -  5) =      9.15582  eV     1   --> A              
     e(  6 -  6) =     10.63781  eV     1   --> A              
     e(  7 -  7) =     11.66763  eV     1   --> A              
     e(  8 -  8) =     12.53197  eV     1   --> A              

 **************************************************************************

 **************************************************************************

                    xk=(   0.30641,   0.64229,   0.11196  )

     Band symmetry, C_1 (1)     point group:

     e(  1 -  1) =     -2.23319  eV     1   --> A              
     e(  2 -  2) =     -0.79301  eV     1   --> A              
     e(  3 -  3) =      2.01765  eV     1   --> A              
     e(  4 -  4) =      3.25640  eV     1   --> A              
     e(  5 -  5) =      8.93342  eV     1   --> A              
     e(  6 -  6) =     10.85949  eV     1   --> A              
     e(  7 -  7) =     11.60121  eV     1   --> A              
     e(  8 -  8) =     12.65944  eV     1   --> A              

 **************************************************************************

 **************************************************************************

                    xk=(   0.29463,   0.64818,   0.11785  )

     Band symmetry, C_1 (1)     point group:

     e(  1 -  1) =     -2.22229  eV     1   --> A              
     e(  2 -  2) =     -0.80673  eV     1   --> A              
     e(  3 -  3) =      1.99242  eV     1   --> A              
     e(  4 -  4) =      3.31577  eV     1   --> A              
     e(  5 -  5) =      8.71833  eV     1   --> A              
     e(  6 -  6) =     11.02601  eV     1   --> A              
     e(  7 -  7) =     11.59273  eV     1   --> A              
     e(  8 -  8) =     12.79480  eV     1   --> A              

 **************************************************************************

 **************************************************************************

                    xk=(   0.28284,   0.65407,   0.12374  )

     Band symmetry, C_1 (1)     point group:

     e(  1 -  1) =     -2.20918  eV     1   --> A              
     e(  2 -  2) =     -0.82316  eV     1   --> A              
     e(  3 -  3) =      1.96700  eV     1   --> A              
     e(  4 -  4) =      3.38104  eV     1   --> A              
     e(  5 -  5) =      8.51251  eV     1   --> A              
     e(  6 -  6) =     11.07931  eV     1   --> A              
     e(  7 -  7) =     11.70108  eV     1   --> A              
     e(  8 -  8) =     12.93583  eV     1   --> A              

 **************************************************************************

 **************************************************************************

                    xk=(   0.27106,   0.65997,   0.12964  )

     Band symmetry, C_1 (1)     point group:

     e(  1 -  1) =     -2.19402  eV     1   --> A              
     e(  2 -  2) =     -0.84205  eV     1   --> A              
     e(  3 -  3) =      1.94301  eV     1   --> A              
     e(  4 -  4) =      3.44936  eV     1   --> A              
     e(  5 -  5) =      8.31772  eV     1   --> A              
     e(  6 -  6) =     11.03975  eV     1   --> A              
     e(  7 -  7) =     11.90582  eV     1   --> A              
     e(  8 -  8) =     13.08155  eV     1   --> A              

 **************************************************************************

 **************************************************************************

                    xk=(   0.25927,   0.66586,   0.13553  )

     Band symmetry, C_1 (1)     point group:

     e(  1 -  1) =     -2.17699  eV     1   --> A              
     e(  2 -  2) =     -0.86312  eV     1   --> A              
     e(  3 -  3) =      1.92171  eV     1   --> A              
     e(  4 -  4) =      3.51794  eV     1   --> A              
     e(  5 -  5) =      8.13580  eV     1   --> A              
     e(  6 -  6) =     10.96333  eV     1   --> A              
     e(  7 -  7) =     12.15026  eV     1   --> A              
     e(  8 -  8) =     13.23158  eV     1   --> A              

 **************************************************************************

 **************************************************************************

                    xk=(   0.24749,   0.67175,   0.14142  )

     Band symmetry, C_1 (1)     point group:

     e(  1 -  1) =     -2.15832  eV     1   --> A              
     e(  2 -  2) =     -0.88599  eV     1   --> A              
     e(  3 -  3) =      1.90404  eV     1   --> A              
     e(  4 -  4) =      3.58402  eV     1   --> A              
     e(  5 -  5) =      7.96874  eV     1   --> A              
     e(  6 -  6) =     10.87451  eV     1   --> A              
     e(  7 -  7) =     12.40861  eV     1   --> A              
     e(  8 -  8) =     13.38605  eV     1   --> A              

 **************************************************************************

 **************************************************************************

                    xk=(   0.23570,   0.67764,   0.14731  )

     Band symmetry, C_1 (1)     point group:

     e(  1 -  1) =     -2.13831  eV     1   --> A              
     e(  2 -  2) =     -0.91021  eV     1   --> A              
     e(  3 -  3) =      1.89067  eV     1   --> A              
     e(  4 -  4) =      3.64477  eV     1   --> A              
     e(  5 -  5) =      7.81877  eV     1   --> A              
     e(  6 -  6) =     10.78175  eV     1   --> A              
     e(  7 -  7) =     12.67009  eV     1   --> A              
     e(  8 -  8) =     13.54551  eV     1   --> A              

 **************************************************************************

 **************************************************************************

                    xk=(   0.22392,   0.68354,   0.15321  )

     Band symmetry, C_1 (1)     point group:

     e(  1 -  1) =     -2.11732  eV     1   --> A              
     e(  2 -  2) =     -0.93526  eV     1   --> A              
     e(  3 -  3) =      1.88206  eV     1   --> A              
     e(  4 -  4) =      3.69734  eV     1   --> A              
     e(  5 -  5) =      7.68829  eV     1   --> A              
     e(  6 -  6) =     10.68844  eV     1   --> A              
     e(  7 -  7) =     12.92747  eV     1   --> A              
     e(  8 -  8) =     13.71094  eV     1   --> A              

 **************************************************************************

 **************************************************************************

                    xk=(   0.21213,   0.68943,   0.15910  )

     Band symmetry, C_1 (1)     point group:

     e(  1 -  1) =     -2.09578  eV     1   --> A              
     e(  2 -  2) =     -0.96051  eV     1   --> A              
     e(  3 -  3) =      1.87849  eV     1   --> A              
     e(  4 -  4) =      3.73894  eV     1   --> A              
     e(  5 -  5) =      7.57976  eV     1   --> A              
     e(  6 -  6) =     10.59618  eV     1   --> A              
     e(  7 -  7) =     13.17266  eV     1   --> A              
     e(  8 -  8) =     13.88303  eV     1   --> A              

 **************************************************************************

 **************************************************************************

                    xk=(   0.20035,   0.69532,   0.16499  )

     Band symmetry, C_1 (1)     point group:

     e(  1 -  1) =     -2.07422  eV     1   --> A              
     e(  2 -  2) =     -0.98523  eV     1   --> A              
     e(  3 -  3) =      1.88011  eV     1   --> A              
     e(  4 -  4) =      3.76696  eV     1   --> A              
     e(  5 -  5) =      7.49557  eV     1   --> A              
     e(  6 -  6) =     10.50582  eV     1   --> A              
     e(  7 -  7) =     13.39356  eV     1   --> A              
     e(  8 -  8) =     14.05606  eV     1   --> A              

 **************************************************************************

 **************************************************************************

                    xk=(   0.18856,   0.70121,   0.17088  )

     Band symmetry, C_1 (1)     point group:

     e(  1 -  1) =     -2.05329  eV     1   --> A              
     e(  2 -  2) =     -1.00859  eV     1   --> A              
     e(  3 -  3) =      1.88696  eV     1   --> A              
     e(  4 -  4) =      3.77924  eV     1   --> A              
     e(  5 -  5) =      7.43771  eV     1   --> A              
     e(  6 -  6) =     10.41787  eV     1   --> A              
     e(  7 -  7) =     13.56977  eV     1   --> A              
     e(  8 -  8) =     14.17106  eV     1   --> A              

 **************************************************************************

 **************************************************************************

                    xk=(   0.17678,   0.70711,   0.17678  )

     zone border point and non-symmorphic group 
     symmetry decomposition not available

 **************************************************************************

 **************************************************************************

                    xk=(   0.17088,   0.70711,   0.17088  )

     zone border point and non-symmorphic group 
     symmetry decomposition not available

 **************************************************************************

 **************************************************************************

                    xk=(   0.16499,   0.70711,   0.16499  )

     zone border point and non-symmorphic group 
     symmetry decomposition not available

 **************************************************************************

 **************************************************************************

                    xk=(   0.15910,   0.70711,   0.15910  )

     zone border point and non-symmorphic group 
     symmetry decomposition not available

 **************************************************************************

 **************************************************************************

                    xk=(   0.15321,   0.70711,   0.15321  )

     zone border point and non-symmorphic group 
     symmetry decomposition not available

 **************************************************************************

 **************************************************************************

                    xk=(   0.14731,   0.70711,   0.14731  )

     zone border point and non-symmorphic group 
     symmetry decomposition not available

 **************************************************************************

 **************************************************************************

                    xk=(   0.14142,   0.70711,   0.14142  )

     zone border point and non-symmorphic group 
     symmetry decomposition not available

 **************************************************************************

 **************************************************************************

                    xk=(   0.13553,   0.70711,   0.13553  )

     zone border point and non-symmorphic group 
     symmetry decomposition not available

 **************************************************************************

 **************************************************************************

                    xk=(   0.12964,   0.70711,   0.12964  )

     zone border point and non-symmorphic group 
     symmetry decomposition not available

 **************************************************************************

 **************************************************************************

                    xk=(   0.12374,   0.70711,   0.12374  )

     zone border point and non-symmorphic group 
     symmetry decomposition not available

 **************************************************************************

 **************************************************************************

                    xk=(   0.11785,   0.70711,   0.11785  )

     zone border point and non-symmorphic group 
     symmetry decomposition not available

 **************************************************************************

 **************************************************************************

                    xk=(   0.11196,   0.70711,   0.11196  )

     zone border point and non-symmorphic group 
     symmetry decomposition not available

 **************************************************************************

 **************************************************************************

                    xk=(   0.10607,   0.70711,   0.10607  )

     zone border point and non-symmorphic group 
     symmetry decomposition not available

 **************************************************************************

 **************************************************************************

                    xk=(   0.10017,   0.70711,   0.10017  )

     zone border point and non-symmorphic group 
     symmetry decomposition not available

 **************************************************************************

 **************************************************************************

                    xk=(   0.09428,   0.70711,   0.09428  )

     zone border point and non-symmorphic group 
     symmetry decomposition not available

 **************************************************************************

 **************************************************************************

                    xk=(   0.08839,   0.70711,   0.08839  )

     zone border point and non-symmorphic group 
     symmetry decomposition not available

 **************************************************************************

 **************************************************************************

                    xk=(   0.08250,   0.70711,   0.08250  )

     zone border point and non-symmorphic group 
     symmetry decomposition not available

 **************************************************************************

 **************************************************************************

                    xk=(   0.07660,   0.70711,   0.07660  )

     zone border point and non-symmorphic group 
     symmetry decomposition not available

 **************************************************************************

 **************************************************************************

                    xk=(   0.07071,   0.70711,   0.07071  )

     zone border point and non-symmorphic group 
     symmetry decomposition not available

 **************************************************************************

 **************************************************************************

                    xk=(   0.06482,   0.70711,   0.06482  )

     zone border point and non-symmorphic group 
     symmetry decomposition not available

 **************************************************************************

 **************************************************************************

                    xk=(   0.05893,   0.70711,   0.05893  )

     zone border point and non-symmorphic group 
     symmetry decomposition not available

 **************************************************************************

 **************************************************************************

                    xk=(   0.05303,   0.70711,   0.05303  )

     zone border point and non-symmorphic group 
     symmetry decomposition not available

 **************************************************************************

 **************************************************************************

                    xk=(   0.04714,   0.70711,   0.04714  )

     zone border point and non-symmorphic group 
     symmetry decomposition not available

 **************************************************************************

 **************************************************************************

                    xk=(   0.04125,   0.70711,   0.04125  )

     zone border point and non-symmorphic group 
     symmetry decomposition not available

 **************************************************************************

 **************************************************************************

                    xk=(   0.03536,   0.70711,   0.03536  )

     zone border point and non-symmorphic group 
     symmetry decomposition not available

 **************************************************************************

 **************************************************************************

                    xk=(   0.02946,   0.70711,   0.02946  )

     zone border point and non-symmorphic group 
     symmetry decomposition not available

 **************************************************************************

 **************************************************************************

                    xk=(   0.02357,   0.70711,   0.02357  )

     zone border point and non-symmorphic group 
     symmetry decomposition not available

 **************************************************************************

 **************************************************************************

                    xk=(   0.01768,   0.70711,   0.01768  )

     zone border point and non-symmorphic group 
     symmetry decomposition not available

 **************************************************************************

 **************************************************************************

                    xk=(   0.01179,   0.70711,   0.01179  )

     zone border point and non-symmorphic group 
     symmetry decomposition not available

 **************************************************************************

 **************************************************************************

                    xk=(   0.00589,   0.70711,   0.00589  )

     zone border point and non-symmorphic group 
     symmetry decomposition not available

 **************************************************************************

 **************************************************************************

                    xk=(   0.00000,   0.70711,   0.00000  )

     zone border point and non-symmorphic group 
     symmetry decomposition not available

 **************************************************************************

     BANDS        :      4.64s CPU      5.70s WALL


   This run was terminated on:  17: 2: 8  24Jul2026            

=------------------------------------------------------------------------------=
   JOB DONE.
=------------------------------------------------------------------------------=
